epoch,time,train/giou_loss,train/cls_loss,train/l1_loss,metrics/precision(B),metrics/recall(B),metrics/mAP50(B),metrics/mAP50-95(B),val/giou_loss,val/cls_loss,val/l1_loss,lr/pg0,lr/pg1,lr/pg2
1,41.2832,1.59144,5.87064,1.87206,1e-05,0.00525,2e-05,0,1.93564,0.31005,3.80486,0.0032963,0.0032963,0.0703333
2,81.0336,1.43447,0.6053,1.60099,0.00146,0.11201,0.00099,0.00023,1.42939,0.70483,2.33639,0.00660775,0.00660775,0.0403115
3,120.329,1.37236,0.63924,1.51737,0.00051,0.08506,0.00033,7e-05,1.50889,0.81987,2.50418,0.00989721,0.00989721,0.0102676
4,159.512,1.27618,0.67151,1.33646,0.00118,0.1499,0.00095,0.00024,1.36717,0.9111,2.18072,0.009901,0.009901,0.009901
5,198.655,1.19125,0.7329,1.11917,0.34138,0.00986,0.00422,0.00131,1.2606,0.82227,1.90503,0.009868,0.009868,0.009868
6,237.946,1.11798,0.80733,1.00439,0.01126,0.23447,0.01194,0.00379,1.00175,1.0777,1.31947,0.009835,0.009835,0.009835
7,277.348,1.05649,0.85627,0.9375,0.52296,0.04081,0.02188,0.00688,1.12937,0.96909,1.53799,0.009802,0.009802,0.009802
8,316.842,0.99106,0.89851,0.84952,0.02484,0.09024,0.01441,0.00397,1.29027,0.96664,1.8908,0.009769,0.009769,0.009769
9,356.369,0.89492,0.96472,0.74939,0.08031,0.16262,0.05466,0.01983,0.78683,1.13325,0.90884,0.009736,0.009736,0.009736
10,395.787,0.81961,1.01337,0.66177,0.0898,0.22019,0.06736,0.02634,0.86698,1.1132,1.06257,0.009703,0.009703,0.009703
11,435.276,0.74874,1.04781,0.59471,0.0864,0.26778,0.09151,0.04113,0.58591,1.26193,0.62884,0.00967,0.00967,0.00967
12,475.011,0.70301,1.05271,0.53951,0.16269,0.30405,0.13151,0.06376,0.52342,1.24647,0.56118,0.009637,0.009637,0.009637
13,514.529,0.65596,1.07777,0.50662,0.16722,0.28407,0.13465,0.06116,0.58499,1.23906,0.61875,0.009604,0.009604,0.009604
14,553.972,0.60065,1.13535,0.45926,0.17961,0.30621,0.17004,0.08596,0.46354,1.30597,0.47421,0.009571,0.009571,0.009571
15,593.52,0.59463,1.08919,0.4534,0.17402,0.30208,0.17281,0.08323,0.49106,1.23954,0.49946,0.009538,0.009538,0.009538
16,633.076,0.59215,1.05113,0.43594,0.16889,0.29531,0.17275,0.08715,0.53175,1.23478,0.5513,0.009505,0.009505,0.009505
17,672.615,0.57751,1.04766,0.43521,0.24756,0.36072,0.22291,0.11248,0.47978,1.25416,0.48495,0.009472,0.009472,0.009472
18,711.9,0.55332,1.06001,0.42276,0.23275,0.37714,0.24824,0.1248,0.47106,1.22935,0.48476,0.009439,0.009439,0.009439
19,751.201,0.54635,1.03691,0.40923,0.2331,0.37995,0.2292,0.1142,0.4503,1.24812,0.45301,0.009406,0.009406,0.009406
20,790.266,0.53918,1.0246,0.40528,0.25612,0.35203,0.27146,0.13803,0.48154,1.17854,0.5011,0.009373,0.009373,0.009373
21,829.897,0.52883,1.018,0.40076,0.31861,0.37141,0.30747,0.15701,0.47498,1.1575,0.49014,0.00934,0.00934,0.00934
22,869.193,0.53315,0.98925,0.39952,0.42698,0.33884,0.26475,0.13385,0.51285,1.17228,0.53006,0.009307,0.009307,0.009307
23,908.568,0.5219,1.00753,0.39182,0.32641,0.35652,0.29546,0.14058,0.4875,1.14508,0.50933,0.009274,0.009274,0.009274
24,947.707,0.52203,0.96909,0.3914,0.35735,0.33054,0.31279,0.16952,0.48343,1.14363,0.51647,0.009241,0.009241,0.009241
25,987.102,0.51361,0.97412,0.38749,0.27747,0.32699,0.25335,0.12223,0.64673,1.12414,0.73361,0.009208,0.009208,0.009208
26,1026.25,0.51412,0.95274,0.38216,0.33864,0.38214,0.32066,0.16423,0.4933,1.13236,0.52099,0.009175,0.009175,0.009175
27,1065.78,0.5026,0.95871,0.38737,0.37879,0.42876,0.36446,0.18427,0.48467,1.07427,0.50814,0.009142,0.009142,0.009142
28,1105.06,0.49137,0.95438,0.38214,0.37613,0.41155,0.3827,0.20369,0.45878,1.11541,0.49218,0.009109,0.009109,0.009109
29,1144.35,0.49287,0.94816,0.38151,0.36665,0.32395,0.30993,0.15316,0.61545,1.17154,0.68076,0.009076,0.009076,0.009076
30,1183.52,0.50376,0.91591,0.38557,0.48514,0.41393,0.37893,0.18878,0.48963,1.05795,0.52398,0.009043,0.009043,0.009043
31,1222.85,0.48363,0.94413,0.36744,0.35803,0.4385,0.40464,0.2138,0.4766,1.06404,0.49596,0.00901,0.00901,0.00901
32,1262.21,0.47386,0.94353,0.3657,0.51655,0.43353,0.39531,0.20551,0.47136,1.06401,0.50635,0.008977,0.008977,0.008977
33,1301.37,0.48477,0.9126,0.36541,0.52471,0.40812,0.36689,0.17897,0.539,1.00311,0.58728,0.008944,0.008944,0.008944
34,1340.49,0.48346,0.90114,0.36507,0.35597,0.41963,0.37394,0.20134,0.46023,1.06456,0.47673,0.008911,0.008911,0.008911
35,1379.75,0.47416,0.90756,0.36165,0.30992,0.46958,0.41556,0.21894,0.45537,1.04694,0.46667,0.008878,0.008878,0.008878
36,1419.16,0.48013,0.90325,0.37042,0.40455,0.47706,0.42888,0.22024,0.48968,1.0012,0.53975,0.008845,0.008845,0.008845
37,1458.67,0.4656,0.90966,0.36275,0.40921,0.44942,0.41807,0.21478,0.45655,1.049,0.48512,0.008812,0.008812,0.008812
38,1497.92,0.46879,0.8834,0.35952,0.37286,0.45495,0.42173,0.21396,0.49011,1.02206,0.51962,0.008779,0.008779,0.008779
39,1537.27,0.46799,0.89102,0.3576,0.54396,0.47539,0.45068,0.22915,0.47895,1.00234,0.5063,0.008746,0.008746,0.008746
40,1576.76,0.46904,0.86961,0.3665,0.56981,0.44795,0.4362,0.22093,0.49203,0.99045,0.52212,0.008713,0.008713,0.008713
41,1616.08,0.4746,0.86287,0.36707,0.47171,0.48572,0.43666,0.22576,0.51088,0.99088,0.53711,0.00868,0.00868,0.00868
42,1655.4,0.46507,0.87396,0.35785,0.53753,0.44529,0.44644,0.23674,0.47097,1.02889,0.47581,0.008647,0.008647,0.008647
43,1695.11,0.46397,0.86977,0.35775,0.37218,0.39853,0.35679,0.18551,0.6277,0.98632,0.75,0.008614,0.008614,0.008614
44,1734.28,0.45576,0.86373,0.34978,0.5764,0.44806,0.4496,0.25003,0.45159,1.0068,0.47228,0.008581,0.008581,0.008581
45,1773.77,0.45368,0.87137,0.34762,0.51806,0.48235,0.44321,0.24353,0.44702,1.00918,0.47804,0.008548,0.008548,0.008548
46,1812.99,0.46015,0.8442,0.35575,0.57603,0.46123,0.51057,0.27137,0.45889,0.98552,0.48863,0.008515,0.008515,0.008515
47,1852.48,0.45459,0.8581,0.35469,0.39397,0.48277,0.43296,0.22316,0.4808,0.99615,0.50192,0.008482,0.008482,0.008482
48,1891.82,0.45812,0.86096,0.35113,0.4609,0.51421,0.48911,0.26537,0.43628,0.98439,0.45186,0.008449,0.008449,0.008449
49,1931.11,0.45229,0.86633,0.35223,0.47854,0.50031,0.47439,0.23802,0.47299,0.97818,0.50405,0.008416,0.008416,0.008416
50,1970.44,0.44757,0.84233,0.34707,0.66423,0.46043,0.51709,0.28235,0.45133,0.95883,0.47047,0.008383,0.008383,0.008383
51,2009.79,0.4491,0.84809,0.34229,0.38376,0.48601,0.43301,0.22489,0.50168,0.98114,0.53057,0.00835,0.00835,0.00835
52,2049.08,0.44653,0.84108,0.33481,0.53311,0.42569,0.42831,0.23109,0.50475,0.98599,0.55384,0.008317,0.008317,0.008317
53,2088.53,0.44474,0.85938,0.3421,0.40481,0.4115,0.37397,0.19448,0.51191,1.00674,0.54744,0.008284,0.008284,0.008284
54,2127.67,0.44565,0.84319,0.34488,0.46115,0.51963,0.48359,0.26366,0.43265,0.98964,0.45723,0.008251,0.008251,0.008251
55,2167.11,0.43951,0.85181,0.34809,0.4569,0.5216,0.49834,0.28118,0.43349,0.96352,0.46723,0.008218,0.008218,0.008218
56,2206.06,0.43459,0.84033,0.32961,0.45964,0.42696,0.42499,0.22143,0.49175,0.97141,0.56023,0.008185,0.008185,0.008185
57,2245.01,0.44086,0.83784,0.34818,0.41825,0.50301,0.46547,0.2469,0.45815,0.98735,0.50509,0.008152,0.008152,0.008152
58,2283.94,0.43854,0.83049,0.33422,0.52365,0.49075,0.49835,0.27648,0.44304,0.94877,0.47808,0.008119,0.008119,0.008119
59,2322.92,0.43073,0.83183,0.33395,0.45938,0.46139,0.44735,0.2554,0.44784,1.01108,0.47784,0.008086,0.008086,0.008086
60,2361.87,0.44442,0.81638,0.34248,0.39154,0.45024,0.44202,0.24423,0.47607,0.96965,0.5211,0.008053,0.008053,0.008053
61,2400.85,0.44271,0.82095,0.34404,0.59609,0.4779,0.52812,0.29225,0.43683,0.9528,0.46273,0.00802,0.00802,0.00802
62,2440.34,0.4316,0.83431,0.34298,0.45415,0.49576,0.46602,0.24785,0.51213,0.93946,0.53846,0.007987,0.007987,0.007987
63,2479.25,0.42598,0.83425,0.33762,0.55605,0.47528,0.50931,0.29324,0.44171,0.93751,0.47099,0.007954,0.007954,0.007954
64,2518.12,0.42885,0.8162,0.34099,0.45763,0.53398,0.50694,0.26733,0.47779,0.91266,0.50875,0.007921,0.007921,0.007921
65,2557.02,0.4314,0.80394,0.32821,0.48988,0.47392,0.48194,0.25258,0.48329,0.95043,0.54654,0.007888,0.007888,0.007888
66,2595.92,0.43525,0.82018,0.34289,0.4968,0.52552,0.50472,0.27854,0.4332,0.98086,0.452,0.007855,0.007855,0.007855
67,2634.91,0.43482,0.81529,0.33922,0.46521,0.5046,0.46579,0.25048,0.47048,0.97642,0.4931,0.007822,0.007822,0.007822
68,2673.79,0.42249,0.82229,0.32702,0.44738,0.48779,0.4677,0.26433,0.4314,0.98352,0.44806,0.007789,0.007789,0.007789
69,2712.72,0.42703,0.80947,0.33219,0.41118,0.39544,0.36706,0.18502,0.60689,0.93763,0.68059,0.007756,0.007756,0.007756
70,2751.66,0.42758,0.79825,0.32766,0.63675,0.47507,0.52258,0.30001,0.43677,0.93691,0.44983,0.007723,0.007723,0.007723
71,2790.75,0.43273,0.79529,0.33291,0.50837,0.48665,0.49029,0.27064,0.48091,0.91478,0.51142,0.00769,0.00769,0.00769
72,2829.72,0.43728,0.78277,0.33844,0.47436,0.50967,0.51672,0.29099,0.44484,0.94229,0.46195,0.007657,0.007657,0.007657
73,2868.68,0.42758,0.79669,0.32886,0.48083,0.47825,0.49569,0.26204,0.48278,0.93137,0.50556,0.007624,0.007624,0.007624
74,2907.5,0.42235,0.80283,0.34071,0.51441,0.50014,0.52726,0.29703,0.43184,0.93201,0.45239,0.007591,0.007591,0.007591
75,2946.59,0.42814,0.78714,0.33249,0.50694,0.50778,0.5023,0.25949,0.48851,0.9296,0.54802,0.007558,0.007558,0.007558
76,2985.41,0.41938,0.79914,0.32844,0.47948,0.52732,0.5148,0.28034,0.45595,0.93216,0.48635,0.007525,0.007525,0.007525
77,3024.36,0.42455,0.80346,0.33018,0.53223,0.46444,0.46905,0.25993,0.48565,0.93277,0.52194,0.007492,0.007492,0.007492
78,3063.29,0.4271,0.79233,0.33742,0.54363,0.52458,0.52586,0.29512,0.45251,0.9251,0.48841,0.007459,0.007459,0.007459
79,3102.26,0.4175,0.78351,0.33409,0.50493,0.31754,0.32436,0.15745,0.70479,0.86651,0.90062,0.007426,0.007426,0.007426
80,3141.21,0.41645,0.79091,0.33175,0.41096,0.43163,0.40434,0.2114,0.54535,0.92905,0.63566,0.007393,0.007393,0.007393
81,3180.1,0.42175,0.78662,0.32437,0.53202,0.45534,0.52092,0.28849,0.44933,1.01774,0.49396,0.00736,0.00736,0.00736
82,3219.02,0.41697,0.7788,0.32691,0.61553,0.41478,0.49549,0.26242,0.48001,1.06111,0.52666,0.007327,0.007327,0.007327
83,3257.92,0.42518,0.78089,0.32647,0.4865,0.52924,0.55389,0.30741,0.4415,0.90792,0.46376,0.007294,0.007294,0.007294
84,3296.93,0.41431,0.7809,0.32178,0.53783,0.56123,0.57238,0.31365,0.43869,0.90598,0.48009,0.007261,0.007261,0.007261
85,3336.28,0.41442,0.78701,0.3368,0.47478,0.50305,0.48693,0.27039,0.46278,0.92501,0.49354,0.007228,0.007228,0.007228
86,3375.13,0.41681,0.76923,0.3172,0.52149,0.54586,0.54932,0.28749,0.48905,0.89742,0.53612,0.007195,0.007195,0.007195
87,3414.1,0.41698,0.77874,0.32145,0.52313,0.52415,0.56536,0.31737,0.45206,0.89872,0.49133,0.007162,0.007162,0.007162
88,3452.98,0.40815,0.78721,0.31558,0.49015,0.50585,0.5169,0.27497,0.45818,0.91406,0.47401,0.007129,0.007129,0.007129
89,3491.93,0.41264,0.77982,0.32287,0.4681,0.52255,0.48896,0.26984,0.44934,0.94208,0.47507,0.007096,0.007096,0.007096
90,3530.72,0.40806,0.76703,0.31443,0.43654,0.43381,0.42974,0.23656,0.55449,0.9394,0.61253,0.007063,0.007063,0.007063
91,3569.77,0.40498,0.77822,0.31822,0.47948,0.55663,0.55133,0.3144,0.42662,0.93078,0.45757,0.00703,0.00703,0.00703
92,3608.8,0.40805,0.76668,0.318,0.5168,0.54558,0.54657,0.31479,0.42525,0.90754,0.45343,0.006997,0.006997,0.006997
93,3648.59,0.41589,0.75883,0.31918,0.50825,0.56804,0.5636,0.33179,0.42485,0.89563,0.44019,0.006964,0.006964,0.006964
94,3688.02,0.41408,0.77383,0.32397,0.56574,0.55177,0.56973,0.31157,0.4454,0.88234,0.47559,0.006931,0.006931,0.006931
95,3727.55,0.40932,0.75915,0.31956,0.54734,0.38832,0.48913,0.24279,0.51763,1.0701,0.60355,0.006898,0.006898,0.006898
96,3766.64,0.40381,0.76603,0.31352,0.63631,0.51255,0.57513,0.31338,0.44976,0.8809,0.47978,0.006865,0.006865,0.006865
97,3805.8,0.41352,0.76169,0.32088,0.5505,0.54374,0.56543,0.30433,0.44021,0.92188,0.46792,0.006832,0.006832,0.006832
98,3845.13,0.4065,0.76233,0.3169,0.50387,0.54725,0.52598,0.30511,0.42053,0.92299,0.447,0.006799,0.006799,0.006799
99,3884.53,0.40134,0.75508,0.31415,0.51417,0.56388,0.57571,0.31014,0.44711,0.89906,0.4838,0.006766,0.006766,0.006766
100,3923.95,0.40176,0.75361,0.31652,0.47492,0.57644,0.5355,0.2775,0.4875,0.8889,0.50289,0.006733,0.006733,0.006733
101,3963.72,0.40577,0.75347,0.31597,0.43313,0.54374,0.49337,0.27009,0.4846,0.92308,0.53871,0.0067,0.0067,0.0067
102,4003.22,0.40992,0.75211,0.31713,0.51954,0.5659,0.56394,0.31387,0.44594,0.88329,0.47177,0.006667,0.006667,0.006667
103,4042.65,0.40068,0.76771,0.31506,0.53727,0.49864,0.50679,0.26461,0.50432,0.93033,0.56685,0.006634,0.006634,0.006634
104,4082.39,0.39879,0.76134,0.3139,0.56782,0.53361,0.59942,0.33534,0.45436,0.84239,0.49254,0.006601,0.006601,0.006601
105,4122.42,0.4107,0.74958,0.30983,0.53556,0.55463,0.56111,0.31284,0.45019,0.88368,0.4933,0.006568,0.006568,0.006568
106,4161.9,0.40009,0.74343,0.31158,0.57726,0.54703,0.5811,0.33441,0.42607,0.87127,0.44802,0.006535,0.006535,0.006535
107,4201.46,0.40969,0.74705,0.32061,0.50381,0.57865,0.59275,0.33559,0.42136,0.88693,0.44409,0.006502,0.006502,0.006502
108,4240.85,0.39029,0.74228,0.30723,0.53083,0.57017,0.5733,0.31246,0.45386,0.89135,0.48454,0.006469,0.006469,0.006469
109,4280.44,0.39966,0.74448,0.31745,0.5138,0.57848,0.56863,0.31273,0.46253,0.87456,0.50847,0.006436,0.006436,0.006436
110,4319.87,0.39675,0.73423,0.31416,0.4935,0.55854,0.5607,0.31546,0.43325,0.88277,0.45313,0.006403,0.006403,0.006403
111,4359.21,0.40462,0.73719,0.32147,0.50739,0.61273,0.59229,0.32919,0.45183,0.85642,0.48312,0.00637,0.00637,0.00637
112,4398.6,0.39743,0.74182,0.31327,0.51337,0.53969,0.52729,0.27617,0.48874,0.93403,0.51641,0.006337,0.006337,0.006337
113,4438.16,0.3928,0.74537,0.30809,0.53461,0.49102,0.52913,0.29207,0.45908,0.90229,0.50087,0.006304,0.006304,0.006304
114,4477.57,0.39385,0.72013,0.30418,0.56847,0.56463,0.59152,0.3227,0.46296,0.86963,0.48701,0.006271,0.006271,0.006271
115,4516.62,0.39193,0.73619,0.31296,0.5729,0.58657,0.59419,0.32469,0.46209,0.86229,0.51067,0.006238,0.006238,0.006238
116,4555.84,0.39236,0.74484,0.30649,0.61679,0.54563,0.60714,0.34321,0.4372,0.85232,0.46858,0.006205,0.006205,0.006205
117,4595.04,0.39189,0.73755,0.31594,0.48874,0.5379,0.53175,0.29485,0.47315,0.87241,0.51116,0.006172,0.006172,0.006172
118,4634.19,0.39202,0.73042,0.31535,0.56053,0.59917,0.6003,0.31991,0.47993,0.85474,0.53454,0.006139,0.006139,0.006139
119,4673.29,0.39199,0.73541,0.3169,0.52853,0.58243,0.5793,0.29947,0.47821,0.86212,0.51892,0.006106,0.006106,0.006106
120,4712.43,0.39847,0.72984,0.3083,0.44729,0.59412,0.55698,0.31177,0.43924,0.89852,0.47534,0.006073,0.006073,0.006073
121,4751.85,0.39625,0.72885,0.30755,0.56005,0.62376,0.61646,0.34056,0.45161,0.83606,0.48859,0.00604,0.00604,0.00604
122,4791.57,0.39314,0.72453,0.30336,0.52587,0.61595,0.60038,0.32631,0.45313,0.86864,0.50464,0.006007,0.006007,0.006007
123,4830.9,0.39347,0.72327,0.31026,0.52942,0.62953,0.6145,0.34484,0.43622,0.84062,0.46125,0.005974,0.005974,0.005974
124,4870.56,0.39343,0.71758,0.3157,0.5585,0.5899,0.59325,0.32535,0.45088,0.85208,0.47761,0.005941,0.005941,0.005941
125,4910.17,0.38933,0.7206,0.30738,0.53878,0.60432,0.61077,0.34468,0.43872,0.84653,0.4699,0.005908,0.005908,0.005908
126,4949.41,0.3828,0.71457,0.30378,0.57911,0.58071,0.60868,0.34838,0.42849,0.82984,0.46983,0.005875,0.005875,0.005875
127,4988.93,0.39347,0.71119,0.30586,0.57355,0.59489,0.61481,0.3383,0.44266,0.82844,0.49097,0.005842,0.005842,0.005842
128,5027.99,0.38342,0.71904,0.30124,0.54898,0.62061,0.62128,0.35852,0.43311,0.82654,0.47905,0.005809,0.005809,0.005809
129,5067.59,0.38675,0.71362,0.3007,0.56281,0.58527,0.60105,0.33457,0.44967,0.85988,0.46663,0.005776,0.005776,0.005776
130,5106.95,0.39324,0.71168,0.31056,0.58259,0.54596,0.56158,0.3021,0.48821,0.90688,0.53292,0.005743,0.005743,0.005743
131,5146.22,0.38399,0.70303,0.30887,0.54705,0.60819,0.59994,0.33795,0.44096,0.84991,0.46533,0.00571,0.00571,0.00571
132,5185.49,0.38388,0.71936,0.30612,0.57508,0.59017,0.60293,0.34078,0.44471,0.86015,0.48136,0.005677,0.005677,0.005677
133,5225.1,0.38503,0.71714,0.30919,0.5356,0.58964,0.58053,0.3225,0.4592,0.85364,0.51066,0.005644,0.005644,0.005644
134,5264.38,0.37811,0.71795,0.2984,0.62864,0.55417,0.61789,0.35141,0.43435,0.83985,0.46142,0.005611,0.005611,0.005611
135,5303.87,0.3777,0.70595,0.30018,0.60961,0.58493,0.6142,0.33243,0.46632,0.83265,0.50862,0.005578,0.005578,0.005578
136,5343.24,0.38057,0.72926,0.31043,0.55832,0.61056,0.61662,0.34294,0.44041,0.87008,0.45608,0.005545,0.005545,0.005545
137,5382.57,0.38368,0.70821,0.30775,0.56138,0.58496,0.6042,0.3413,0.44942,0.85342,0.48568,0.005512,0.005512,0.005512
138,5421.83,0.38076,0.7026,0.30385,0.5957,0.57054,0.59977,0.32997,0.46778,0.86135,0.50246,0.005479,0.005479,0.005479
139,5461.33,0.38012,0.70817,0.29727,0.55437,0.58676,0.60263,0.33832,0.43769,0.88382,0.48187,0.005446,0.005446,0.005446
140,5500.7,0.38327,0.70715,0.30561,0.58756,0.60464,0.63036,0.34863,0.44601,0.83832,0.47661,0.005413,0.005413,0.005413
141,5539.98,0.38169,0.70653,0.29784,0.58324,0.59186,0.61167,0.33805,0.45807,0.84554,0.50752,0.00538,0.00538,0.00538
142,5579.08,0.37592,0.69496,0.28999,0.54689,0.63549,0.63022,0.34526,0.45121,0.825,0.49432,0.005347,0.005347,0.005347
143,5618.49,0.37455,0.6925,0.29558,0.60225,0.58388,0.62693,0.35391,0.45472,0.81204,0.49874,0.005314,0.005314,0.005314
144,5657.77,0.3655,0.70725,0.2914,0.57833,0.59058,0.61342,0.33462,0.46455,0.84656,0.5048,0.005281,0.005281,0.005281
145,5696.95,0.38039,0.69653,0.30068,0.53049,0.63657,0.63821,0.36726,0.43586,0.81386,0.4773,0.005248,0.005248,0.005248
146,5736.28,0.37738,0.70284,0.29859,0.57643,0.60151,0.62231,0.33055,0.47707,0.82786,0.53854,0.005215,0.005215,0.005215
147,5775.49,0.37522,0.69305,0.3003,0.62521,0.57184,0.62964,0.35662,0.43522,0.80054,0.47477,0.005182,0.005182,0.005182
148,5814.76,0.37677,0.67803,0.29335,0.62763,0.57783,0.62983,0.36474,0.44172,0.81768,0.48184,0.005149,0.005149,0.005149
149,5853.98,0.37417,0.69049,0.29346,0.59309,0.58984,0.61578,0.34238,0.45431,0.85196,0.49207,0.005116,0.005116,0.005116
150,5893.38,0.37483,0.68196,0.29877,0.63618,0.58597,0.63004,0.34031,0.47036,0.80099,0.53087,0.005083,0.005083,0.005083
151,5932.86,0.37862,0.67767,0.29915,0.62351,0.60349,0.64496,0.36136,0.44749,0.81162,0.49019,0.00505,0.00505,0.00505
152,5972.63,0.37135,0.67734,0.29239,0.59822,0.61722,0.63646,0.36767,0.43322,0.82242,0.46835,0.005017,0.005017,0.005017
153,6012.34,0.36861,0.68793,0.29362,0.6162,0.59439,0.62272,0.34196,0.46303,0.82861,0.51381,0.004984,0.004984,0.004984
154,6051.92,0.36657,0.67228,0.28533,0.59292,0.60811,0.62579,0.35004,0.45183,0.82451,0.48938,0.004951,0.004951,0.004951
155,6091.6,0.37043,0.69136,0.29762,0.58282,0.60657,0.62775,0.36155,0.44903,0.81452,0.50122,0.004918,0.004918,0.004918
156,6131.23,0.36337,0.68102,0.28767,0.59631,0.62611,0.64875,0.36077,0.44753,0.81417,0.48932,0.004885,0.004885,0.004885
157,6171.2,0.36542,0.68459,0.29405,0.65568,0.6202,0.65152,0.36132,0.45348,0.80527,0.50555,0.004852,0.004852,0.004852
158,6211,0.3657,0.69747,0.29267,0.63991,0.59171,0.64427,0.36468,0.44903,0.80915,0.50364,0.004819,0.004819,0.004819
159,6250.71,0.36732,0.68552,0.29431,0.61098,0.63406,0.65224,0.36991,0.44794,0.80802,0.50077,0.004786,0.004786,0.004786
160,6290.33,0.3709,0.68036,0.30039,0.63511,0.58579,0.63751,0.35471,0.45741,0.81411,0.51389,0.004753,0.004753,0.004753
161,6329.99,0.36207,0.67384,0.29608,0.63532,0.57834,0.61546,0.33813,0.48932,0.80085,0.55716,0.00472,0.00472,0.00472
162,6369.75,0.36639,0.66842,0.28317,0.60987,0.59241,0.61478,0.33918,0.47905,0.81899,0.52837,0.004687,0.004687,0.004687
163,6409.39,0.36137,0.67245,0.28984,0.65418,0.58669,0.63165,0.35322,0.46415,0.84597,0.51586,0.004654,0.004654,0.004654
164,6448.93,0.36021,0.66042,0.28662,0.59967,0.62601,0.64635,0.36773,0.44087,0.80145,0.49627,0.004621,0.004621,0.004621
165,6488.6,0.35907,0.66647,0.29035,0.61765,0.62658,0.65577,0.37051,0.45822,0.77687,0.54352,0.004588,0.004588,0.004588
166,6527.98,0.35586,0.66523,0.28387,0.64037,0.54203,0.57589,0.29837,0.5117,0.97996,0.61184,0.004555,0.004555,0.004555
167,6567.42,0.36473,0.66916,0.29526,0.62766,0.64009,0.66046,0.37502,0.44379,0.79694,0.48583,0.004522,0.004522,0.004522
168,6607.19,0.36243,0.65481,0.2882,0.57061,0.64177,0.62594,0.3497,0.44834,0.82556,0.49384,0.004489,0.004489,0.004489
169,6646.56,0.36047,0.65382,0.28852,0.62825,0.56476,0.59981,0.32778,0.46073,0.86637,0.50546,0.004456,0.004456,0.004456
170,6686.44,0.36106,0.63684,0.28628,0.59667,0.62003,0.63462,0.35971,0.44238,0.80542,0.49277,0.004423,0.004423,0.004423
171,6725.93,0.35769,0.64854,0.28633,0.63801,0.60548,0.65727,0.37268,0.45048,0.77498,0.52663,0.00439,0.00439,0.00439
172,6765.64,0.35715,0.65955,0.28668,0.72088,0.43406,0.54384,0.29018,0.5212,1.18938,0.65213,0.004357,0.004357,0.004357
173,6804.94,0.36506,0.65342,0.28802,0.52745,0.56516,0.54882,0.30138,0.50955,0.81538,0.59476,0.004324,0.004324,0.004324
174,6844.6,0.35646,0.65927,0.29282,0.59728,0.62566,0.64458,0.35781,0.47106,0.79141,0.52997,0.004291,0.004291,0.004291
175,6884.7,0.3571,0.65423,0.28536,0.63264,0.60207,0.63698,0.35178,0.47285,0.79886,0.51503,0.004258,0.004258,0.004258
176,6925.08,0.35531,0.64209,0.28212,0.65508,0.59985,0.65269,0.35575,0.47772,0.79367,0.55708,0.004225,0.004225,0.004225
177,6965.57,0.35022,0.64589,0.28086,0.67536,0.59438,0.65829,0.36768,0.46016,0.79358,0.51783,0.004192,0.004192,0.004192
178,7005.96,0.35631,0.64202,0.29233,0.61092,0.63318,0.65485,0.37094,0.44743,0.7896,0.5151,0.004159,0.004159,0.004159
179,7046.34,0.35594,0.64352,0.28249,0.59937,0.60404,0.62611,0.3567,0.45142,0.81741,0.52095,0.004126,0.004126,0.004126
180,7086.7,0.3567,0.6435,0.28663,0.56816,0.56901,0.58312,0.32759,0.46938,0.84261,0.53516,0.004093,0.004093,0.004093
181,7127.17,0.35584,0.64789,0.28649,0.60972,0.62523,0.63833,0.36282,0.44648,0.81437,0.49944,0.00406,0.00406,0.00406
182,7167.08,0.34744,0.64489,0.27781,0.64301,0.61536,0.65358,0.37146,0.4619,0.78817,0.52661,0.004027,0.004027,0.004027
183,7207.08,0.35457,0.63236,0.28354,0.72427,0.58856,0.66462,0.36466,0.47321,0.7846,0.53268,0.003994,0.003994,0.003994
184,7247.29,0.35411,0.6351,0.28742,0.70867,0.57742,0.65377,0.37025,0.46091,0.76819,0.54259,0.003961,0.003961,0.003961
185,7287.45,0.35682,0.63553,0.284,0.63524,0.62207,0.65345,0.37134,0.46074,0.78085,0.52803,0.003928,0.003928,0.003928
186,7327.39,0.34861,0.62792,0.27732,0.66422,0.58628,0.66176,0.36422,0.47108,0.78326,0.53035,0.003895,0.003895,0.003895
187,7367.45,0.35451,0.63224,0.28608,0.61286,0.60683,0.63941,0.35355,0.47906,0.76905,0.55257,0.003862,0.003862,0.003862
188,7407.63,0.34802,0.61801,0.27686,0.5771,0.60895,0.61296,0.36473,0.45457,0.80576,0.51525,0.003829,0.003829,0.003829
189,7447.85,0.34817,0.62923,0.28011,0.66034,0.5753,0.60697,0.32553,0.50226,0.89548,0.57864,0.003796,0.003796,0.003796
190,7487.72,0.35552,0.63633,0.28188,0.61492,0.61947,0.6368,0.37456,0.46037,0.77738,0.5276,0.003763,0.003763,0.003763
191,7527.57,0.34437,0.61646,0.28059,0.64444,0.62351,0.66907,0.37974,0.46622,0.76121,0.53718,0.00373,0.00373,0.00373
192,7567.71,0.34527,0.6319,0.27956,0.69942,0.54435,0.61747,0.34259,0.50052,0.94427,0.58601,0.003697,0.003697,0.003697
193,7607.91,0.34116,0.62823,0.27687,0.64387,0.61252,0.64408,0.37236,0.44819,0.80873,0.51237,0.003664,0.003664,0.003664
194,7648.16,0.34721,0.62235,0.27894,0.63966,0.6233,0.65261,0.38,0.46908,0.75325,0.55593,0.003631,0.003631,0.003631
195,7688.53,0.34534,0.6225,0.27423,0.66411,0.61215,0.6421,0.35312,0.4921,0.79236,0.5735,0.003598,0.003598,0.003598
196,7728.67,0.3453,0.62131,0.27703,0.64916,0.6319,0.65446,0.37415,0.46907,0.77929,0.53537,0.003565,0.003565,0.003565
197,7768.51,0.34433,0.61972,0.27782,0.66033,0.60934,0.66193,0.37274,0.4602,0.78744,0.50905,0.003532,0.003532,0.003532
198,7807.93,0.34426,0.60045,0.27345,0.66168,0.61414,0.64171,0.36017,0.4776,0.77979,0.55153,0.003499,0.003499,0.003499
199,7847.74,0.34123,0.61154,0.27914,0.6225,0.61377,0.63601,0.36128,0.47711,0.77024,0.5567,0.003466,0.003466,0.003466
200,7887.66,0.33997,0.61774,0.2819,0.66722,0.60536,0.6547,0.37283,0.4702,0.77612,0.54189,0.003433,0.003433,0.003433
201,7928.15,0.33991,0.60886,0.27447,0.63978,0.59698,0.64107,0.35866,0.4799,0.79703,0.55622,0.0034,0.0034,0.0034
202,7968.36,0.33497,0.60084,0.26859,0.65575,0.60821,0.65505,0.3602,0.48185,0.77381,0.56362,0.003367,0.003367,0.003367
203,8008.8,0.33984,0.60311,0.27348,0.68822,0.59478,0.6633,0.37076,0.47598,0.7669,0.55206,0.003334,0.003334,0.003334
204,8048.81,0.34041,0.59383,0.27218,0.6281,0.64801,0.66921,0.37303,0.47185,0.76231,0.54637,0.003301,0.003301,0.003301
205,8088.81,0.34102,0.60551,0.27616,0.65861,0.62346,0.66388,0.3641,0.47985,0.7551,0.5521,0.003268,0.003268,0.003268
206,8128.6,0.33419,0.6077,0.26539,0.64898,0.64023,0.65449,0.37357,0.47032,0.76618,0.52626,0.003235,0.003235,0.003235
207,8168.38,0.33911,0.60497,0.26889,0.63176,0.62746,0.65321,0.36768,0.47609,0.76575,0.54922,0.003202,0.003202,0.003202
208,8208.63,0.33138,0.59663,0.26648,0.65378,0.62471,0.65729,0.37125,0.4732,0.76365,0.55644,0.003169,0.003169,0.003169
209,8248.68,0.33928,0.60335,0.27145,0.63971,0.6272,0.64962,0.37631,0.45865,0.77835,0.53201,0.003136,0.003136,0.003136
210,8288.85,0.33459,0.59477,0.26943,0.67153,0.62686,0.67194,0.3784,0.47635,0.75853,0.56494,0.003103,0.003103,0.003103
211,8329.44,0.32923,0.59956,0.26848,0.68952,0.63572,0.6748,0.36941,0.4892,0.75871,0.56014,0.00307,0.00307,0.00307
212,8369.57,0.32734,0.61503,0.26413,0.6666,0.6166,0.64731,0.35612,0.49119,0.79087,0.56255,0.003037,0.003037,0.003037
213,8409.95,0.3228,0.6017,0.26138,0.70846,0.60178,0.662,0.38005,0.46672,0.77364,0.54482,0.003004,0.003004,0.003004
214,8449.91,0.33094,0.58629,0.26213,0.66056,0.62559,0.66095,0.37572,0.47014,0.76769,0.55596,0.002971,0.002971,0.002971
215,8489.64,0.32581,0.57478,0.26337,0.68375,0.60403,0.65957,0.35983,0.49044,0.77026,0.58003,0.002938,0.002938,0.002938
216,8529.6,0.32771,0.58166,0.26473,0.66999,0.62411,0.66603,0.37047,0.47307,0.77556,0.55874,0.002905,0.002905,0.002905
217,8569.8,0.33209,0.5817,0.26983,0.72023,0.62733,0.68834,0.38687,0.46822,0.76522,0.56607,0.002872,0.002872,0.002872
218,8610.04,0.33206,0.58941,0.2705,0.71525,0.57444,0.6461,0.35447,0.50554,0.80412,0.598,0.002839,0.002839,0.002839
219,8650.21,0.32471,0.57626,0.25982,0.69402,0.62919,0.6869,0.38039,0.48426,0.74263,0.5777,0.002806,0.002806,0.002806
220,8690.63,0.32497,0.57841,0.2585,0.61961,0.64733,0.6623,0.3777,0.46351,0.79726,0.54455,0.002773,0.002773,0.002773
221,8730.62,0.32331,0.59089,0.26203,0.73589,0.56645,0.64882,0.35779,0.49528,0.86032,0.58026,0.00274,0.00274,0.00274
222,8770.5,0.32617,0.57372,0.26305,0.6494,0.66151,0.67081,0.37648,0.47863,0.76876,0.55231,0.002707,0.002707,0.002707
223,8810.66,0.32393,0.57528,0.26034,0.6739,0.62812,0.67431,0.37361,0.48697,0.76849,0.58501,0.002674,0.002674,0.002674
224,8850.56,0.32772,0.58023,0.27401,0.67083,0.63517,0.68036,0.38251,0.4694,0.7696,0.55342,0.002641,0.002641,0.002641
225,8890.88,0.33286,0.56986,0.26611,0.65337,0.60219,0.65831,0.37322,0.4753,0.78109,0.56536,0.002608,0.002608,0.002608
226,8931.01,0.32532,0.56761,0.26573,0.67125,0.61045,0.66457,0.35461,0.4991,0.76277,0.6011,0.002575,0.002575,0.002575
227,8971.32,0.31443,0.56177,0.25764,0.68522,0.62015,0.66392,0.36171,0.50166,0.75715,0.60371,0.002542,0.002542,0.002542
228,9011.4,0.31681,0.55877,0.25321,0.67817,0.62732,0.66621,0.36459,0.48158,0.76741,0.56649,0.002509,0.002509,0.002509
229,9051.3,0.31918,0.55256,0.25653,0.66066,0.66022,0.67517,0.3789,0.48075,0.75292,0.56382,0.002476,0.002476,0.002476
230,9091.1,0.3212,0.55209,0.25633,0.69951,0.62105,0.68015,0.36759,0.49419,0.75684,0.59777,0.002443,0.002443,0.002443
231,9130.97,0.32253,0.54974,0.26438,0.68156,0.63045,0.67972,0.376,0.4882,0.73598,0.58949,0.00241,0.00241,0.00241
232,9170.96,0.31945,0.5647,0.25842,0.71616,0.63795,0.68715,0.38477,0.47512,0.74315,0.57701,0.002377,0.002377,0.002377
233,9211.12,0.31821,0.55735,0.25976,0.69169,0.64957,0.67998,0.37712,0.48497,0.75614,0.58888,0.002344,0.002344,0.002344
234,9251.13,0.32253,0.56271,0.25779,0.70017,0.63938,0.68352,0.37937,0.47046,0.77732,0.55413,0.002311,0.002311,0.002311
235,9291.44,0.32038,0.56111,0.25593,0.68832,0.63458,0.67491,0.36502,0.51006,0.74219,0.60468,0.002278,0.002278,0.002278
236,9331.76,0.32709,0.55503,0.26439,0.69575,0.62228,0.68159,0.37972,0.48094,0.75186,0.57988,0.002245,0.002245,0.002245
237,9371.75,0.30779,0.54747,0.24965,0.68314,0.57022,0.63287,0.34361,0.51563,0.80732,0.619,0.002212,0.002212,0.002212
238,9411.92,0.3104,0.54103,0.25188,0.67335,0.61963,0.67003,0.36475,0.48318,0.78122,0.57079,0.002179,0.002179,0.002179
239,9451.96,0.31869,0.54488,0.25171,0.69726,0.63434,0.68786,0.385,0.48319,0.77208,0.57726,0.002146,0.002146,0.002146
240,9492.39,0.31079,0.54584,0.25191,0.7028,0.62811,0.67655,0.37852,0.49185,0.74913,0.59638,0.002113,0.002113,0.002113
241,9532.55,0.30498,0.5376,0.24596,0.68404,0.64427,0.68293,0.37921,0.49324,0.73685,0.60362,0.00208,0.00208,0.00208
242,9572.36,0.31285,0.54609,0.2506,0.69714,0.63453,0.67785,0.38246,0.49308,0.73804,0.59866,0.002047,0.002047,0.002047
243,9612.21,0.31119,0.54784,0.25434,0.70467,0.63114,0.67496,0.36581,0.51742,0.73251,0.63066,0.002014,0.002014,0.002014
244,9652.1,0.30839,0.53301,0.24847,0.70314,0.63628,0.67073,0.36811,0.50835,0.74948,0.61872,0.001981,0.001981,0.001981
245,9691.8,0.30179,0.52924,0.24032,0.71169,0.61341,0.66223,0.36816,0.50712,0.75677,0.60748,0.001948,0.001948,0.001948
246,9731.61,0.31255,0.53423,0.24443,0.6514,0.64774,0.66027,0.37565,0.49044,0.76362,0.58831,0.001915,0.001915,0.001915
247,9771.64,0.30531,0.53155,0.24608,0.68168,0.63403,0.6708,0.37374,0.49819,0.74736,0.6069,0.001882,0.001882,0.001882
248,9811.87,0.30776,0.53885,0.24691,0.71373,0.61979,0.68071,0.3729,0.50078,0.73796,0.61595,0.001849,0.001849,0.001849
249,9851.68,0.30185,0.52291,0.2395,0.68827,0.6482,0.68602,0.37924,0.49629,0.74891,0.59959,0.001816,0.001816,0.001816
250,9891.89,0.30401,0.5308,0.24463,0.71195,0.62446,0.6755,0.37875,0.49521,0.74138,0.61787,0.001783,0.001783,0.001783
251,9932.07,0.29972,0.53218,0.23899,0.7068,0.64935,0.68066,0.37712,0.49353,0.74174,0.61072,0.00175,0.00175,0.00175
252,9972.03,0.30081,0.53228,0.24317,0.72403,0.63119,0.67338,0.37093,0.51025,0.74004,0.63164,0.001717,0.001717,0.001717
253,10012,0.30388,0.5196,0.23743,0.72597,0.63195,0.6754,0.38216,0.50305,0.72974,0.62065,0.001684,0.001684,0.001684
254,10051.8,0.301,0.52035,0.23911,0.63476,0.6677,0.66824,0.37707,0.49822,0.74646,0.60381,0.001651,0.001651,0.001651
255,10091.9,0.30127,0.52191,0.23771,0.69077,0.64903,0.67954,0.38111,0.49496,0.73997,0.61642,0.001618,0.001618,0.001618
256,10132,0.29718,0.52922,0.23827,0.68721,0.63886,0.66028,0.36409,0.52647,0.73061,0.64438,0.001585,0.001585,0.001585
257,10172.2,0.30005,0.5224,0.24179,0.67492,0.63902,0.67031,0.37632,0.50718,0.72927,0.63562,0.001552,0.001552,0.001552
258,10212.2,0.29697,0.51335,0.22936,0.70864,0.62307,0.6724,0.37552,0.51128,0.71779,0.63326,0.001519,0.001519,0.001519
259,10252.3,0.29372,0.51478,0.2331,0.70734,0.62275,0.67454,0.37715,0.50507,0.73897,0.61678,0.001486,0.001486,0.001486
260,10292.2,0.29756,0.52598,0.23876,0.67184,0.64819,0.67956,0.37904,0.49755,0.74219,0.60813,0.001453,0.001453,0.001453
261,10331.9,0.29969,0.5113,0.24143,0.65889,0.66823,0.67493,0.37832,0.50236,0.73114,0.62845,0.00142,0.00142,0.00142
262,10371.7,0.29717,0.52097,0.24046,0.66762,0.66127,0.67529,0.37982,0.49734,0.74084,0.62612,0.001387,0.001387,0.001387
263,10411.6,0.29406,0.50915,0.23457,0.69923,0.62799,0.67493,0.37722,0.49745,0.74335,0.61158,0.001354,0.001354,0.001354
264,10451.8,0.29386,0.50714,0.23382,0.67253,0.65694,0.67051,0.37108,0.52113,0.71946,0.63435,0.001321,0.001321,0.001321
265,10491.9,0.29754,0.51402,0.23401,0.69063,0.65635,0.67995,0.37511,0.51142,0.73252,0.62848,0.001288,0.001288,0.001288
266,10532.2,0.29561,0.51205,0.23164,0.73126,0.6083,0.68024,0.38393,0.50535,0.74501,0.62339,0.001255,0.001255,0.001255
267,10572.3,0.28986,0.50538,0.23517,0.69384,0.65065,0.68202,0.37879,0.51195,0.74535,0.6282,0.001222,0.001222,0.001222
268,10612.4,0.28936,0.51231,0.22917,0.68813,0.65318,0.68289,0.37908,0.50439,0.74406,0.61654,0.001189,0.001189,0.001189
269,10652.4,0.29372,0.50403,0.23538,0.6842,0.65267,0.67911,0.3819,0.49543,0.76095,0.59612,0.001156,0.001156,0.001156
270,10692.1,0.28305,0.49865,0.22101,0.70868,0.64616,0.68249,0.38072,0.50574,0.74079,0.62176,0.001123,0.001123,0.001123
271,10732,0.28503,0.49852,0.23111,0.67632,0.66867,0.68282,0.38092,0.50515,0.74566,0.61962,0.00109,0.00109,0.00109
272,10772.2,0.28754,0.50016,0.23041,0.68433,0.64646,0.67996,0.37185,0.51264,0.73714,0.63706,0.001057,0.001057,0.001057
273,10812.3,0.29195,0.50333,0.22919,0.64812,0.66577,0.67468,0.38177,0.49194,0.75539,0.60367,0.001024,0.001024,0.001024
274,10852.4,0.28202,0.49803,0.22545,0.71581,0.6404,0.68339,0.3796,0.51134,0.73724,0.63658,0.000991,0.000991,0.000991
275,10892.5,0.28174,0.49949,0.22211,0.72586,0.60396,0.68214,0.3808,0.5064,0.74439,0.62138,0.000958,0.000958,0.000958
276,10932.8,0.28931,0.49821,0.22949,0.68077,0.65018,0.6785,0.37646,0.51425,0.73584,0.63239,0.000925,0.000925,0.000925
277,10973,0.27802,0.48672,0.22012,0.69095,0.64725,0.67742,0.37221,0.51587,0.74345,0.63691,0.000892,0.000892,0.000892
278,11012.9,0.2825,0.4853,0.2182,0.6984,0.63891,0.68455,0.37967,0.50995,0.73408,0.64281,0.000859,0.000859,0.000859
279,11052.8,0.28078,0.49985,0.21962,0.69628,0.65433,0.68902,0.38272,0.51636,0.72614,0.64926,0.000826,0.000826,0.000826
280,11092.9,0.2802,0.49092,0.22729,0.69923,0.64403,0.68034,0.37596,0.51549,0.73824,0.64173,0.000793,0.000793,0.000793
281,11133,0.28127,0.48152,0.22568,0.68786,0.6394,0.67796,0.37549,0.53068,0.71594,0.65983,0.00076,0.00076,0.00076
282,11173,0.27544,0.49009,0.21692,0.71669,0.62293,0.68115,0.37048,0.53264,0.71434,0.65718,0.000727,0.000727,0.000727
283,11213.3,0.28532,0.49073,0.22603,0.70029,0.62301,0.67954,0.38238,0.51594,0.73781,0.63123,0.000694,0.000694,0.000694
284,11253.2,0.26966,0.48032,0.21365,0.70524,0.65546,0.68569,0.38186,0.52025,0.73181,0.645,0.000661,0.000661,0.000661
285,11293,0.27705,0.48054,0.21617,0.70081,0.64467,0.67666,0.36931,0.52837,0.73511,0.65681,0.000628,0.000628,0.000628
286,11333,0.27139,0.48722,0.21771,0.68646,0.66049,0.68076,0.36928,0.52954,0.73069,0.66001,0.000595,0.000595,0.000595
287,11372.9,0.27373,0.48105,0.21249,0.69498,0.64013,0.67151,0.37073,0.52082,0.74683,0.6374,0.000562,0.000562,0.000562
288,11412.8,0.27249,0.46968,0.2109,0.69242,0.64407,0.67306,0.37099,0.52588,0.73515,0.65105,0.000529,0.000529,0.000529
289,11452.9,0.27358,0.47211,0.21487,0.66308,0.67123,0.67503,0.3687,0.52933,0.73412,0.66375,0.000496,0.000496,0.000496
290,11493.1,0.27025,0.46723,0.21111,0.68274,0.65277,0.67581,0.37188,0.53018,0.72227,0.67324,0.000463,0.000463,0.000463
291,11533.4,0.27482,0.47354,0.21202,0.69314,0.63935,0.67323,0.37197,0.52321,0.7313,0.65757,0.00043,0.00043,0.00043
292,11573.4,0.27456,0.47026,0.21527,0.68049,0.64071,0.67137,0.36516,0.52561,0.7346,0.66187,0.000397,0.000397,0.000397
293,11613.5,0.27131,0.47126,0.21846,0.67206,0.65862,0.67633,0.36905,0.52326,0.73247,0.66391,0.000364,0.000364,0.000364
294,11653.2,0.27243,0.47388,0.21139,0.68011,0.65065,0.67936,0.37394,0.52677,0.72509,0.67048,0.000331,0.000331,0.000331
295,11693,0.26681,0.4768,0.20873,0.67459,0.64968,0.67869,0.37367,0.52392,0.74232,0.65466,0.000298,0.000298,0.000298
296,11732.9,0.26859,0.46834,0.21384,0.68788,0.64752,0.67942,0.37801,0.52096,0.74006,0.64713,0.000265,0.000265,0.000265
297,11772.8,0.26813,0.45991,0.21165,0.69114,0.63095,0.67734,0.37807,0.52133,0.73788,0.65426,0.000232,0.000232,0.000232
298,11812.6,0.27084,0.47473,0.21673,0.70781,0.63077,0.67857,0.37718,0.52009,0.74922,0.64855,0.000199,0.000199,0.000199
299,11852.8,0.26396,0.46524,0.2103,0.70045,0.63931,0.68329,0.37456,0.52606,0.73101,0.66674,0.000166,0.000166,0.000166
300,11892.9,0.26803,0.47575,0.21376,0.69353,0.64806,0.68637,0.37632,0.52322,0.73669,0.65743,0.000133,0.000133,0.000133
