run,model_cfg,seed,epochs_logged,best_epoch,P,R,mAP50,mAP50-95
detect/runs/ours-neudet-seed0,yolo11-triple-DGCM-SOEPRFPNMFM-thirdpoint/ultralytics/cfg/models/improve/triple-DGCM-SOEPRFPNMFM/yolo11/C-检测头/yolo11-csp-DGCM-SOEP-RFPN-MFM-EfficientHead.yaml,0,300,245,0.7353,0.65616,0.75383,0.42578
detect/runs/ours-neudet-seed11,yolo11-triple-DGCM-SOEPRFPNMFM-thirdpoint/ultralytics/cfg/models/improve/triple-DGCM-SOEPRFPNMFM/yolo11/C-检测头/yolo11-csp-DGCM-SOEP-RFPN-MFM-EfficientHead.yaml,11,300,256,0.70571,0.67178,0.73096,0.41219
detect/runs/ours-neudet-seed123,yolo11-triple-DGCM-SOEPRFPNMFM-thirdpoint/ultralytics/cfg/models/improve/triple-DGCM-SOEPRFPNMFM/yolo11/C-检测头/yolo11-csp-DGCM-SOEP-RFPN-MFM-EfficientHead.yaml,123,300,283,0.68526,0.68969,0.74337,0.42176
detect/runs/ours-neudet-seed3407,yolo11-triple-DGCM-SOEPRFPNMFM-thirdpoint/ultralytics/cfg/models/improve/triple-DGCM-SOEPRFPNMFM/yolo11/C-检测头/yolo11-csp-DGCM-SOEP-RFPN-MFM-EfficientHead.yaml,3407,300,300,0.67675,0.68667,0.74316,0.41401
detect/runs/ours-neudet-seed42,yolo11-triple-DGCM-SOEPRFPNMFM-thirdpoint/ultralytics/cfg/models/improve/triple-DGCM-SOEPRFPNMFM/yolo11/C-检测头/yolo11-csp-DGCM-SOEP-RFPN-MFM-EfficientHead.yaml,42,300,251,0.74241,0.64305,0.74212,0.41776
detect/runs/redetr-neudet,rtdetr-l.yaml,0,300,217,0.72023,0.62733,0.68834,0.38687
detect/runs/yolo11-csp-DGCM-SOEP-RFPN-MFM-EfficientHead-neudet2,yolo11-triple-DGCM-SOEPRFPNMFM-thirdpoint/ultralytics/cfg/models/improve/triple-DGCM-SOEPRFPNMFM/yolo11/C-检测头/yolo11-csp-DGCM-SOEP-RFPN-MFM-EfficientHead.yaml,0,300,245,0.7353,0.65616,0.75383,0.42578
detect/runs/yolo11-csp-DGCM-SOEP-RFPN-MFM-neudet,ultralytics/cfg/models/improve/pyramid-DGCM/yolo11/B-基于自研的二次创新/yolo11-csp-DGCM-SOEP-RFPN-MFM.yaml,0,300,282,0.68013,0.67697,0.74723,0.41393
detect/runs/yolo11-csp-DGCM-neudet,ultralytics/cfg/models/improve/csp-block/yolo11-csp-DGCM.yaml,0,300,249,0.68657,0.69722,0.73737,0.41245
detect/runs/yolo11-neudet,ultralytics/cfg/models/11/yolo11.yaml,0,300,220,0.68112,0.68772,0.72556,0.41081
detect/runs/yolo11-neudet-seed0,ultralytics/cfg/models/11/yolo11.yaml,0,300,220,0.68112,0.68772,0.72556,0.41081
detect/runs/yolo11-neudet-seed11,ultralytics/cfg/models/11/yolo11.yaml,11,300,257,0.70684,0.66766,0.73047,0.41169
detect/runs/yolo11-neudet-seed123,ultralytics/cfg/models/11/yolo11.yaml,123,300,298,0.75625,0.67336,0.74064,0.41922
detect/runs/yolo11-neudet-seed3407,ultralytics/cfg/models/11/yolo11.yaml,3407,300,249,0.73019,0.65911,0.73235,0.4078
detect/runs/yolo11-neudet-seed42,ultralytics/cfg/models/11/yolo11.yaml,42,300,246,0.74296,0.66805,0.73936,0.41321
detect/runs/yolo12-neudet2,ultralytics/cfg/models/12/yolo12.yaml,0,300,231,0.71267,0.63001,0.7115,0.39146
detect/runs/yolo26-neudet-seed0,ultralytics/cfg/models/26/yolo26.yaml,0,300,229,0.69215,0.66459,0.72145,0.40439
detect/runs/yolo26-neudet-seed11,ultralytics/cfg/models/26/yolo26.yaml,11,300,263,0.66066,0.62227,0.68508,0.36375
detect/runs/yolo26-neudet-seed123,ultralytics/cfg/models/26/yolo26.yaml,123,300,208,0.69313,0.64712,0.69349,0.38126
detect/runs/yolo26-neudet-seed3407,ultralytics/cfg/models/26/yolo26.yaml,3407,300,250,0.68574,0.65334,0.69207,0.38847
detect/runs/yolo26-neudet-seed42,ultralytics/cfg/models/26/yolo26.yaml,42,300,297,0.7571,0.63943,0.71544,0.3893
detect/runs/yolov10n-neudet,ultralytics/cfg/models/v10/yolov10n.yaml,0,300,278,0.7016,0.65854,0.70474,0.38624
detect/runs/yolov8-neudet,ultralytics/cfg/models/v8/yolov8.yaml,0,300,297,0.74179,0.67404,0.72169,0.40361
