epoch,time,train/box_loss,train/cls_loss,train/dfl_loss,metrics/precision(B),metrics/recall(B),metrics/mAP50(B),metrics/mAP50-95(B),val/box_loss,val/cls_loss,val/dfl_loss,lr/pg0,lr/pg1,lr/pg2
1,13.2741,3.85514,8.22338,0.07576,1e-05,0.00877,1e-05,0,4.45644,14.9371,0.13054,0.0032963,0.0032963,0.0703333
2,25.2533,3.79406,7.32953,0.07615,0.00097,0.00269,0.00042,9e-05,4.33671,26.1791,0.12986,0.00660775,0.00660775,0.0403115
3,39.7006,3.67111,6.34148,0.0744,0.00065,0.1177,0.00045,0.0001,4.05458,9.30429,0.12887,0.00989721,0.00989721,0.0102676
4,51.2847,3.29084,5.0514,0.06689,0.33518,0.19086,0.00589,0.00121,3.48107,8.25026,0.105,0.009901,0.009901,0.009901
5,62.7459,2.98413,4.3429,0.06008,0.67713,0.04122,0.01333,0.00319,3.13214,5.07947,0.09053,0.009868,0.009868,0.009868
6,75.7154,2.74911,4.03233,0.05286,0.71028,0.05287,0.04073,0.01316,2.87348,4.36363,0.08133,0.009835,0.009835,0.009835
7,86.674,2.62148,3.7815,0.04778,0.57463,0.09717,0.0436,0.01358,2.59948,4.27816,0.07196,0.009802,0.009802,0.009802
8,98.0161,2.43458,3.54802,0.0442,0.43685,0.16698,0.08619,0.02758,2.36104,3.95356,0.06377,0.009769,0.009769,0.009769
9,109.454,2.32161,3.37736,0.04114,0.31412,0.18914,0.11216,0.03803,2.25621,3.59117,0.06128,0.009736,0.009736,0.009736
10,123.541,2.22052,3.22612,0.03893,0.25503,0.17247,0.14108,0.04886,2.14894,3.19701,0.05687,0.009703,0.009703,0.009703
11,134.97,2.16343,3.07752,0.03759,0.39825,0.20908,0.16369,0.05471,2.14181,3.06244,0.05452,0.00967,0.00967,0.00967
12,146.61,2.0861,2.9223,0.0361,0.22047,0.25873,0.19159,0.06894,2.11914,3.05669,0.05657,0.009637,0.009637,0.009637
13,160.802,2.05715,2.85322,0.03478,0.49104,0.25314,0.19859,0.07905,2.0903,2.87317,0.0535,0.009604,0.009604,0.009604
14,172.421,1.97247,2.7179,0.033,0.34033,0.29833,0.24393,0.09914,1.97129,2.71056,0.0502,0.009571,0.009571,0.009571
15,184.129,1.97232,2.65919,0.03326,0.53207,0.26685,0.28265,0.11558,1.93674,2.64942,0.04667,0.009538,0.009538,0.009538
16,196.758,1.93527,2.57834,0.03088,0.43061,0.29497,0.2403,0.09317,1.97372,2.74423,0.04934,0.009505,0.009505,0.009505
17,210.125,1.91471,2.52516,0.03123,0.46434,0.32056,0.26392,0.11203,1.88679,2.76558,0.04549,0.009472,0.009472,0.009472
18,221.777,1.84136,2.50636,0.03023,0.45701,0.36976,0.30624,0.12809,1.86214,2.57527,0.04581,0.009439,0.009439,0.009439
19,233.548,1.81462,2.42868,0.02902,0.46155,0.29354,0.27366,0.11142,2.04242,2.6834,0.05338,0.009406,0.009406,0.009406
20,247.709,1.79417,2.38336,0.02869,0.60876,0.2768,0.27595,0.1205,2.17106,2.7244,0.05719,0.009373,0.009373,0.009373
21,259.115,1.7742,2.37681,0.02861,0.48418,0.37911,0.3343,0.14709,1.86146,2.43909,0.0449,0.00934,0.00934,0.00934
22,270.754,1.77755,2.30345,0.02826,0.54851,0.36437,0.36153,0.16179,1.87391,2.44294,0.04459,0.009307,0.009307,0.009307
23,284.773,1.7648,2.27318,0.02809,0.56069,0.38781,0.37439,0.15635,1.87488,2.31631,0.04496,0.009274,0.009274,0.009274
24,296.597,1.73821,2.20826,0.02717,0.39869,0.37987,0.35412,0.15584,1.86799,2.39733,0.04548,0.009241,0.009241,0.009241
25,308.216,1.73707,2.21212,0.02752,0.45027,0.3957,0.39964,0.18114,1.81044,2.33528,0.04431,0.009208,0.009208,0.009208
26,321.519,1.70512,2.1586,0.02634,0.56295,0.40931,0.39315,0.17511,1.8649,2.25657,0.04565,0.009175,0.009175,0.009175
27,333.998,1.72081,2.15173,0.02718,0.52937,0.41238,0.45433,0.20543,1.80562,2.24925,0.04216,0.009142,0.009142,0.009142
28,345.733,1.68227,2.12339,0.02652,0.48827,0.40423,0.41042,0.18257,1.849,2.30061,0.04432,0.009109,0.009109,0.009109
29,357.271,1.67085,2.11371,0.0267,0.58526,0.38945,0.41218,0.17482,1.88573,2.27188,0.04441,0.009076,0.009076,0.009076
30,370.917,1.67773,2.08638,0.0258,0.57611,0.41885,0.43918,0.19569,1.92471,2.11267,0.04736,0.009043,0.009043,0.009043
31,382.71,1.67539,2.03972,0.02607,0.40931,0.42749,0.44745,0.20863,1.73068,2.146,0.04039,0.00901,0.00901,0.00901
32,394.256,1.65196,2.03278,0.02612,0.59715,0.44491,0.4658,0.21643,1.80372,2.10229,0.04492,0.008977,0.008977,0.008977
33,408.076,1.66063,1.99073,0.02544,0.49818,0.4796,0.49352,0.21709,1.86896,2.05985,0.04255,0.008944,0.008944,0.008944
34,418.236,1.65842,1.97572,0.02573,0.51341,0.45888,0.48816,0.22078,1.83463,2.00889,0.04292,0.008911,0.008911,0.008911
35,429.785,1.6485,1.94593,0.02528,0.51771,0.4781,0.50214,0.23356,1.77197,1.93737,0.04174,0.008878,0.008878,0.008878
36,442.588,1.65267,1.91432,0.02578,0.50449,0.45327,0.46614,0.21245,1.81223,2.05218,0.04297,0.008845,0.008845,0.008845
37,455.676,1.62584,1.90238,0.02576,0.50716,0.50529,0.50955,0.23436,1.77441,1.88418,0.04119,0.008812,0.008812,0.008812
38,467.567,1.61522,1.87162,0.02506,0.50868,0.49091,0.52219,0.24392,1.80809,1.88091,0.04203,0.008779,0.008779,0.008779
39,479.37,1.62615,1.90608,0.02498,0.50715,0.47321,0.46291,0.21112,1.82791,2.01589,0.0435,0.008746,0.008746,0.008746
40,493.418,1.61111,1.8639,0.02527,0.49533,0.47592,0.50243,0.23216,1.77001,1.94922,0.04133,0.008713,0.008713,0.008713
41,505.011,1.61945,1.8742,0.02501,0.54426,0.47888,0.50502,0.23949,1.73215,1.83232,0.03981,0.00868,0.00868,0.00868
42,516.534,1.60156,1.87533,0.02507,0.44196,0.47816,0.46543,0.21717,1.81484,1.97845,0.04253,0.008647,0.008647,0.008647
43,530.516,1.62069,1.84582,0.02531,0.55504,0.50437,0.53401,0.24736,1.74618,1.87623,0.04148,0.008614,0.008614,0.008614
44,541.523,1.59832,1.8121,0.02497,0.48964,0.53057,0.51672,0.24397,1.70487,1.94335,0.03982,0.008581,0.008581,0.008581
45,553.262,1.60012,1.78442,0.02459,0.56732,0.53288,0.55682,0.26532,1.73181,1.78717,0.03926,0.008548,0.008548,0.008548
46,566.313,1.59052,1.79113,0.02451,0.45832,0.47809,0.43491,0.19863,1.85372,2.08414,0.04351,0.008515,0.008515,0.008515
47,579.001,1.59766,1.75684,0.02514,0.53578,0.51854,0.53576,0.25192,1.72966,1.86999,0.03949,0.008482,0.008482,0.008482
48,590.448,1.60158,1.78382,0.0244,0.54237,0.52992,0.55587,0.26826,1.74333,1.73702,0.04203,0.008449,0.008449,0.008449
49,602.218,1.58768,1.76435,0.02474,0.53004,0.51177,0.51065,0.23684,1.82826,1.9019,0.04169,0.008416,0.008416,0.008416
50,616.346,1.57735,1.72651,0.02434,0.54046,0.51259,0.52953,0.24746,1.77402,1.92437,0.0417,0.008383,0.008383,0.008383
51,627.983,1.57701,1.74713,0.02406,0.59225,0.52855,0.5583,0.262,1.77847,1.76297,0.04079,0.00835,0.00835,0.00835
52,639.681,1.56025,1.74178,0.02357,0.62019,0.47459,0.52296,0.25374,1.70843,1.86912,0.03957,0.008317,0.008317,0.008317
53,653.736,1.56423,1.73612,0.02408,0.62703,0.48856,0.54138,0.25357,1.76477,1.85886,0.04037,0.008284,0.008284,0.008284
54,665.208,1.55776,1.69793,0.0238,0.55907,0.54323,0.57831,0.27677,1.7952,1.71502,0.04171,0.008251,0.008251,0.008251
55,676.776,1.56914,1.69783,0.02431,0.58545,0.53287,0.55472,0.26997,1.72607,1.76581,0.04015,0.008218,0.008218,0.008218
56,689.932,1.54814,1.68591,0.02358,0.5962,0.54886,0.5669,0.27386,1.78173,1.79462,0.0406,0.008185,0.008185,0.008185
57,702.462,1.55764,1.70982,0.02424,0.60006,0.53888,0.57615,0.29328,1.66935,1.71877,0.03861,0.008152,0.008152,0.008152
58,714.032,1.54884,1.69502,0.02335,0.53367,0.54634,0.56848,0.28293,1.65279,1.783,0.0379,0.008119,0.008119,0.008119
59,725.781,1.55713,1.65413,0.02428,0.62133,0.53066,0.56079,0.28175,1.66998,1.73915,0.03831,0.008086,0.008086,0.008086
60,739.842,1.54962,1.66152,0.02342,0.60891,0.5406,0.59246,0.29441,1.65169,1.65079,0.03644,0.008053,0.008053,0.008053
61,751.442,1.54663,1.66558,0.02373,0.5608,0.56362,0.57967,0.28393,1.66988,1.72312,0.03786,0.00802,0.00802,0.00802
62,762.933,1.5396,1.67513,0.02402,0.61512,0.53179,0.59469,0.28472,1.72893,1.7002,0.03814,0.007987,0.007987,0.007987
63,777.176,1.52919,1.64373,0.02376,0.55451,0.5355,0.56855,0.28827,1.67593,1.72581,0.03943,0.007954,0.007954,0.007954
64,788.749,1.53034,1.62157,0.02359,0.56844,0.5689,0.59364,0.29791,1.68773,1.77556,0.0376,0.007921,0.007921,0.007921
65,800.324,1.52683,1.58994,0.02309,0.59291,0.55431,0.59261,0.30208,1.66284,1.6092,0.03809,0.007888,0.007888,0.007888
66,814.243,1.55569,1.60314,0.02375,0.61779,0.55672,0.61524,0.3095,1.67456,1.59831,0.03841,0.007855,0.007855,0.007855
67,826.398,1.53659,1.63932,0.0233,0.62078,0.55926,0.61334,0.31279,1.6404,1.62362,0.03691,0.007822,0.007822,0.007822
68,838.02,1.50803,1.62912,0.02281,0.67195,0.47979,0.58242,0.29168,1.74436,1.70481,0.03919,0.007789,0.007789,0.007789
69,850.114,1.54746,1.55672,0.02373,0.52875,0.54861,0.57244,0.28751,1.67129,1.72237,0.03829,0.007756,0.007756,0.007756
70,863.849,1.52305,1.56346,0.02294,0.59282,0.56074,0.59982,0.29508,1.74464,1.69357,0.03879,0.007723,0.007723,0.007723
71,875.48,1.514,1.58667,0.02268,0.63893,0.56504,0.61012,0.3072,1.66668,1.58346,0.03825,0.00769,0.00769,0.00769
72,887.09,1.52646,1.5613,0.02306,0.61248,0.56268,0.60259,0.29966,1.69231,1.66368,0.03755,0.007657,0.007657,0.007657
73,901.261,1.50184,1.57624,0.0225,0.62183,0.52919,0.59818,0.29997,1.68173,1.67695,0.03913,0.007624,0.007624,0.007624
74,912.818,1.52266,1.57868,0.02387,0.60561,0.56318,0.61934,0.30527,1.72626,1.61184,0.03945,0.007591,0.007591,0.007591
75,923.936,1.50266,1.55891,0.02275,0.56139,0.56632,0.59076,0.29996,1.68882,1.60855,0.03859,0.007558,0.007558,0.007558
76,937.574,1.49988,1.55894,0.02281,0.5926,0.56858,0.59446,0.30232,1.63,1.64848,0.0372,0.007525,0.007525,0.007525
77,949.549,1.49349,1.59015,0.02261,0.56417,0.55067,0.55326,0.28355,1.70838,1.81776,0.03822,0.007492,0.007492,0.007492
78,961.16,1.51926,1.53554,0.02318,0.59175,0.56754,0.60755,0.3133,1.67367,1.57173,0.03784,0.007459,0.007459,0.007459
79,973.338,1.49552,1.52851,0.02295,0.68199,0.56355,0.63234,0.32472,1.65681,1.56184,0.03765,0.007426,0.007426,0.007426
80,987.04,1.48985,1.5419,0.02295,0.61396,0.58747,0.62629,0.31972,1.70094,1.56193,0.03858,0.007393,0.007393,0.007393
81,999.039,1.51171,1.52359,0.02278,0.62291,0.56566,0.62201,0.31936,1.63577,1.5639,0.0376,0.00736,0.00736,0.00736
82,1010.66,1.48852,1.51296,0.02226,0.4559,0.44912,0.41606,0.18874,2.03955,2.44047,0.04858,0.007327,0.007327,0.007327
83,1024.84,1.50938,1.50153,0.02286,0.56223,0.60138,0.61406,0.30687,1.74317,1.5583,0.03878,0.007294,0.007294,0.007294
84,1036.46,1.49449,1.5009,0.02262,0.59526,0.60989,0.64085,0.33197,1.65115,1.52718,0.03656,0.007261,0.007261,0.007261
85,1048.07,1.48836,1.5207,0.02338,0.59616,0.60575,0.63006,0.33317,1.65154,1.52381,0.03736,0.007228,0.007228,0.007228
86,1062.39,1.47812,1.51745,0.02197,0.56846,0.56758,0.58838,0.28106,1.84044,1.71859,0.04242,0.007195,0.007195,0.007195
87,1073.98,1.48348,1.53362,0.02233,0.66329,0.57749,0.64371,0.33203,1.66361,1.52898,0.03798,0.007162,0.007162,0.007162
88,1086,1.47535,1.49634,0.02228,0.55571,0.57851,0.58894,0.30018,1.74712,1.66885,0.04011,0.007129,0.007129,0.007129
89,1099.08,1.48441,1.52791,0.02232,0.66409,0.55777,0.62139,0.32136,1.6689,1.57206,0.03805,0.007096,0.007096,0.007096
90,1111.68,1.47883,1.48692,0.02213,0.593,0.56638,0.60765,0.3129,1.67011,1.64934,0.03831,0.007063,0.007063,0.007063
91,1123.23,1.47571,1.49409,0.02252,0.60169,0.62433,0.64338,0.33505,1.60847,1.55592,0.03636,0.00703,0.00703,0.00703
92,1134.8,1.46044,1.48127,0.022,0.57449,0.60549,0.62091,0.32225,1.66712,1.53412,0.03709,0.006997,0.006997,0.006997
93,1148.83,1.48889,1.49595,0.02177,0.63824,0.58032,0.63335,0.32623,1.63308,1.54742,0.03633,0.006964,0.006964,0.006964
94,1160.42,1.48923,1.48693,0.02247,0.55271,0.53536,0.55855,0.28299,1.72655,1.77459,0.03903,0.006931,0.006931,0.006931
95,1172.13,1.46819,1.47074,0.0224,0.56872,0.56138,0.59106,0.29975,1.74777,1.64663,0.03906,0.006898,0.006898,0.006898
96,1186.05,1.45424,1.45322,0.02183,0.55105,0.55113,0.59403,0.31152,1.6969,1.58246,0.03789,0.006865,0.006865,0.006865
97,1197.41,1.46934,1.47179,0.02215,0.62475,0.58862,0.62707,0.31446,1.70914,1.56309,0.03782,0.006832,0.006832,0.006832
98,1208.79,1.47326,1.48096,0.02231,0.62393,0.57744,0.62722,0.32673,1.63672,1.55292,0.03673,0.006799,0.006799,0.006799
99,1221.81,1.44869,1.44529,0.02177,0.68031,0.57761,0.65862,0.33083,1.64536,1.496,0.03589,0.006766,0.006766,0.006766
100,1234.43,1.46366,1.41037,0.0223,0.63062,0.59002,0.63381,0.32251,1.67921,1.51236,0.03719,0.006733,0.006733,0.006733
101,1245.72,1.46824,1.46238,0.02172,0.60801,0.62049,0.64666,0.34166,1.59833,1.5224,0.03582,0.0067,0.0067,0.0067
102,1257.35,1.45251,1.48018,0.02141,0.60711,0.59408,0.63922,0.33511,1.61751,1.55316,0.03582,0.006667,0.006667,0.006667
103,1271.57,1.45338,1.46569,0.02193,0.65119,0.58928,0.6436,0.33655,1.6243,1.55461,0.03694,0.006634,0.006634,0.006634
104,1283.25,1.45493,1.44161,0.02221,0.65323,0.63079,0.66843,0.34619,1.65948,1.42611,0.03784,0.006601,0.006601,0.006601
105,1294.85,1.47537,1.43668,0.02162,0.60602,0.6033,0.64754,0.33884,1.62997,1.48705,0.03514,0.006568,0.006568,0.006568
106,1308.88,1.44051,1.42595,0.02154,0.62872,0.61043,0.6507,0.33027,1.71079,1.53272,0.03965,0.006535,0.006535,0.006535
107,1320.47,1.46228,1.46748,0.02195,0.68231,0.58762,0.65142,0.33991,1.62641,1.53067,0.03621,0.006502,0.006502,0.006502
108,1332.18,1.43253,1.38965,0.0215,0.61407,0.61405,0.63009,0.31622,1.69436,1.52021,0.03702,0.006469,0.006469,0.006469
109,1345.59,1.44282,1.42626,0.02163,0.61122,0.55865,0.59726,0.30827,1.69932,1.63931,0.03851,0.006436,0.006436,0.006436
110,1358.44,1.4357,1.41409,0.02147,0.65967,0.59089,0.65218,0.34564,1.64704,1.44371,0.03616,0.006403,0.006403,0.006403
111,1370.07,1.45797,1.42376,0.02205,0.65961,0.63744,0.66116,0.34676,1.65263,1.45281,0.03656,0.00637,0.00637,0.00637
112,1381.84,1.44301,1.4115,0.02172,0.63026,0.63547,0.66217,0.3493,1.6538,1.4174,0.03756,0.006337,0.006337,0.006337
113,1395.87,1.43583,1.39736,0.02146,0.62167,0.5817,0.64019,0.33248,1.67617,1.48478,0.03765,0.006304,0.006304,0.006304
114,1407.51,1.4195,1.36536,0.02114,0.62411,0.60662,0.64776,0.34592,1.60685,1.4685,0.03521,0.006271,0.006271,0.006271
115,1419.16,1.43017,1.4035,0.02173,0.62234,0.62273,0.66509,0.34241,1.62991,1.4472,0.0367,0.006238,0.006238,0.006238
116,1433.24,1.43576,1.41221,0.02156,0.62622,0.62579,0.66509,0.35357,1.61122,1.41383,0.03614,0.006205,0.006205,0.006205
117,1445.15,1.42934,1.40088,0.02164,0.61148,0.59299,0.64091,0.33232,1.66253,1.55537,0.03746,0.006172,0.006172,0.006172
118,1456.81,1.43894,1.37177,0.02193,0.50482,0.41701,0.42549,0.21599,1.97621,2.43227,0.04627,0.006139,0.006139,0.006139
119,1470.94,1.43655,1.39022,0.02197,0.63307,0.60587,0.62178,0.31972,1.73256,1.55327,0.03891,0.006106,0.006106,0.006106
120,1482.51,1.43132,1.38309,0.02091,0.62505,0.62496,0.6641,0.35831,1.62698,1.39887,0.03643,0.006073,0.006073,0.006073
121,1494.17,1.43168,1.37625,0.02126,0.6338,0.63415,0.6573,0.34863,1.6071,1.42885,0.03539,0.00604,0.00604,0.00604
122,1506.51,1.44038,1.38043,0.02126,0.64666,0.59446,0.64224,0.33376,1.66995,1.53866,0.03758,0.006007,0.006007,0.006007
123,1519.59,1.42335,1.39251,0.02121,0.64844,0.57027,0.62793,0.32138,1.76538,1.58302,0.04157,0.005974,0.005974,0.005974
124,1531.46,1.42339,1.39096,0.02139,0.65867,0.62655,0.68039,0.36264,1.57454,1.41319,0.03538,0.005941,0.005941,0.005941
125,1543.02,1.41016,1.3606,0.02097,0.67985,0.61963,0.6873,0.35255,1.65556,1.3712,0.0374,0.005908,0.005908,0.005908
126,1557.01,1.4259,1.3467,0.02106,0.58078,0.63747,0.64871,0.34747,1.60351,1.45216,0.03649,0.005875,0.005875,0.005875
127,1568.66,1.43903,1.37264,0.02093,0.66967,0.6541,0.68065,0.3619,1.63229,1.40684,0.03695,0.005842,0.005842,0.005842
128,1580.23,1.41381,1.34513,0.021,0.59546,0.62725,0.66359,0.35597,1.62745,1.40672,0.03639,0.005809,0.005809,0.005809
129,1594.46,1.41133,1.33394,0.02086,0.65944,0.61549,0.67368,0.35379,1.63874,1.41004,0.03573,0.005776,0.005776,0.005776
130,1606.15,1.41023,1.38209,0.02108,0.61551,0.65603,0.68289,0.35627,1.62775,1.41611,0.03683,0.005743,0.005743,0.005743
131,1618,1.40896,1.33269,0.02134,0.66841,0.62111,0.66897,0.35064,1.66046,1.41426,0.03779,0.00571,0.00571,0.00571
132,1630.67,1.41251,1.36904,0.02128,0.58775,0.58853,0.59257,0.31762,1.69385,1.73717,0.03762,0.005677,0.005677,0.005677
133,1643.58,1.41906,1.35388,0.02139,0.6455,0.61841,0.6694,0.35507,1.62355,1.4057,0.03588,0.005644,0.005644,0.005644
134,1655.22,1.4118,1.30187,0.02111,0.65407,0.61454,0.66572,0.35301,1.62844,1.42346,0.03597,0.005611,0.005611,0.005611
135,1666.92,1.39747,1.32024,0.02097,0.6369,0.62482,0.67087,0.35022,1.67763,1.37434,0.03801,0.005578,0.005578,0.005578
136,1681,1.4185,1.36442,0.02174,0.59713,0.54744,0.56848,0.28047,1.81942,1.7237,0.04079,0.005545,0.005545,0.005545
137,1692.47,1.3984,1.32713,0.02088,0.64828,0.59505,0.6475,0.34486,1.6773,1.45361,0.03735,0.005512,0.005512,0.005512
138,1704.22,1.40383,1.32624,0.02095,0.63526,0.61151,0.65827,0.35883,1.64712,1.47045,0.03696,0.005479,0.005479,0.005479
139,1718.22,1.39943,1.32608,0.02062,0.70747,0.60584,0.67941,0.35172,1.67924,1.40673,0.0376,0.005446,0.005446,0.005446
140,1729.66,1.42246,1.33301,0.02135,0.60514,0.57677,0.62096,0.31843,1.74415,1.55924,0.03945,0.005413,0.005413,0.005413
141,1741.12,1.40234,1.32981,0.02058,0.68206,0.63053,0.67467,0.35922,1.62889,1.38418,0.03592,0.00538,0.00538,0.00538
142,1753.82,1.37703,1.30347,0.02008,0.63072,0.6198,0.65938,0.35039,1.65726,1.44109,0.03659,0.005347,0.005347,0.005347
143,1766.74,1.39717,1.28386,0.0206,0.61427,0.62911,0.66092,0.3517,1.66572,1.46323,0.03791,0.005314,0.005314,0.005314
144,1778.51,1.37988,1.30322,0.02047,0.66031,0.61172,0.65984,0.35815,1.60452,1.43338,0.03581,0.005281,0.005281,0.005281
145,1790.3,1.4014,1.2968,0.02106,0.67942,0.59108,0.66341,0.357,1.63491,1.45038,0.03626,0.005248,0.005248,0.005248
146,1804.57,1.40296,1.3112,0.02079,0.6546,0.59475,0.65518,0.34046,1.65412,1.47273,0.03689,0.005215,0.005215,0.005215
147,1815.97,1.3971,1.3007,0.02095,0.64153,0.63264,0.66967,0.35971,1.57927,1.43022,0.03512,0.005182,0.005182,0.005182
148,1827.34,1.37731,1.30103,0.0201,0.63435,0.61411,0.64433,0.33373,1.6936,1.4784,0.03899,0.005149,0.005149,0.005149
149,1841.68,1.39169,1.31247,0.02052,0.67648,0.61944,0.68427,0.3645,1.61252,1.38644,0.03649,0.005116,0.005116,0.005116
150,1853.31,1.38135,1.2897,0.02054,0.65934,0.60804,0.67184,0.35509,1.64969,1.39717,0.03738,0.005083,0.005083,0.005083
151,1864.97,1.39052,1.31925,0.02046,0.69393,0.60031,0.68051,0.37202,1.60364,1.36743,0.0363,0.00505,0.00505,0.00505
152,1878.89,1.37607,1.27835,0.02017,0.62227,0.61873,0.64909,0.33787,1.69718,1.51458,0.03771,0.005017,0.005017,0.005017
153,1891.11,1.36066,1.297,0.0204,0.66376,0.64743,0.67785,0.34833,1.69676,1.40325,0.03792,0.004984,0.004984,0.004984
154,1902.78,1.38125,1.27977,0.02009,0.6994,0.62043,0.67186,0.35884,1.64723,1.4005,0.0374,0.004951,0.004951,0.004951
155,1914.74,1.38782,1.30016,0.02083,0.66127,0.62716,0.67122,0.36481,1.62666,1.38832,0.0366,0.004918,0.004918,0.004918
156,1928.73,1.37084,1.27081,0.02019,0.61398,0.62128,0.64207,0.34128,1.69747,1.47652,0.03887,0.004885,0.004885,0.004885
157,1940.39,1.36454,1.27943,0.02032,0.6773,0.61328,0.67409,0.35185,1.66099,1.40698,0.03712,0.004852,0.004852,0.004852
158,1951.98,1.3846,1.30426,0.02071,0.66561,0.65897,0.70038,0.37785,1.61044,1.31823,0.03495,0.004819,0.004819,0.004819
159,1966.36,1.39536,1.28901,0.02081,0.69009,0.63163,0.69458,0.37757,1.59603,1.34905,0.03579,0.004786,0.004786,0.004786
160,1978.01,1.39456,1.26684,0.021,0.67387,0.64102,0.68429,0.3684,1.61004,1.37995,0.03591,0.004753,0.004753,0.004753
161,1989.64,1.36333,1.26462,0.02066,0.61465,0.52054,0.55272,0.28467,1.79453,1.90956,0.04225,0.00472,0.00472,0.00472
162,2003.97,1.38057,1.25433,0.02016,0.65483,0.64855,0.68317,0.36306,1.634,1.35131,0.03658,0.004687,0.004687,0.004687
163,2015.69,1.3748,1.27638,0.02054,0.68826,0.64263,0.69083,0.36363,1.62371,1.34534,0.03647,0.004654,0.004654,0.004654
164,2027.28,1.35048,1.2779,0.0199,0.67224,0.62526,0.68651,0.37873,1.57211,1.34917,0.03443,0.004621,0.004621,0.004621
165,2039.93,1.35748,1.25398,0.02034,0.66618,0.60082,0.64517,0.33319,1.68525,1.53494,0.03781,0.004588,0.004588,0.004588
166,2053.28,1.36145,1.24297,0.02023,0.64911,0.62862,0.6659,0.35643,1.64064,1.39838,0.03664,0.004555,0.004555,0.004555
167,2064.9,1.3793,1.25894,0.02069,0.66474,0.65311,0.69108,0.37167,1.60706,1.31309,0.03575,0.004522,0.004522,0.004522
168,2076.4,1.35122,1.25874,0.02005,0.70843,0.63275,0.69541,0.37179,1.62091,1.35398,0.0362,0.004489,0.004489,0.004489
169,2090.51,1.34553,1.24063,0.01974,0.68248,0.5625,0.63467,0.33572,1.71421,1.56931,0.03888,0.004456,0.004456,0.004456
170,2102.1,1.35698,1.22544,0.01988,0.69639,0.60887,0.67924,0.37072,1.60786,1.34474,0.03572,0.004423,0.004423,0.004423
171,2113.33,1.34695,1.24099,0.01996,0.67118,0.62926,0.68183,0.36002,1.67894,1.39247,0.03782,0.00439,0.00439,0.00439
172,2127.29,1.34972,1.2365,0.02012,0.71463,0.60441,0.68459,0.37215,1.57961,1.38315,0.03519,0.004357,0.004357,0.004357
173,2137.81,1.36891,1.2169,0.02002,0.65005,0.5623,0.61725,0.32677,1.69822,1.61512,0.03895,0.004324,0.004324,0.004324
174,2148.54,1.33369,1.24007,0.02006,0.69054,0.64075,0.68756,0.37261,1.60664,1.34137,0.03568,0.004291,0.004291,0.004291
175,2159.09,1.34285,1.22736,0.01995,0.69359,0.63838,0.68753,0.37095,1.61718,1.35618,0.03586,0.004258,0.004258,0.004258
176,2172.87,1.34387,1.22183,0.01956,0.68727,0.62286,0.68836,0.37219,1.58394,1.34588,0.03516,0.004225,0.004225,0.004225
177,2183.38,1.35108,1.23311,0.01985,0.6498,0.64076,0.68703,0.37876,1.56432,1.3262,0.03403,0.004192,0.004192,0.004192
178,2193.85,1.34259,1.219,0.01993,0.60714,0.59063,0.63704,0.3453,1.63261,1.54597,0.03677,0.004159,0.004159,0.004159
179,2206.98,1.34029,1.23795,0.01987,0.60601,0.57167,0.60389,0.31293,1.75162,1.64133,0.03933,0.004126,0.004126,0.004126
180,2217.99,1.34511,1.23227,0.01974,0.67888,0.64387,0.69114,0.37501,1.61411,1.35923,0.03624,0.004093,0.004093,0.004093
181,2228.73,1.35352,1.22013,0.02023,0.68708,0.64473,0.7029,0.3825,1.59865,1.34018,0.03453,0.00406,0.00406,0.00406
182,2239.12,1.33573,1.23521,0.01967,0.67409,0.64687,0.68533,0.37547,1.57051,1.36186,0.0349,0.004027,0.004027,0.004027
183,2253.27,1.36303,1.21216,0.0202,0.68354,0.6325,0.68935,0.37387,1.59701,1.31484,0.03515,0.003994,0.003994,0.003994
184,2264.84,1.33989,1.22534,0.02001,0.69684,0.62245,0.68134,0.36478,1.63489,1.32902,0.03573,0.003961,0.003961,0.003961
185,2276.43,1.34476,1.21,0.01974,0.71202,0.6212,0.6857,0.36635,1.60341,1.33219,0.03583,0.003928,0.003928,0.003928
186,2290.74,1.32298,1.18301,0.0194,0.64591,0.68498,0.70452,0.37717,1.6079,1.30819,0.03538,0.003895,0.003895,0.003895
187,2302.03,1.33532,1.21682,0.01959,0.68127,0.65536,0.68823,0.36831,1.64984,1.3007,0.03655,0.003862,0.003862,0.003862
188,2313.88,1.33055,1.18813,0.01947,0.66848,0.64345,0.69978,0.37739,1.61445,1.29161,0.03501,0.003829,0.003829,0.003829
189,2326.52,1.33473,1.17217,0.01977,0.67055,0.65555,0.69839,0.37588,1.58624,1.33206,0.03534,0.003796,0.003796,0.003796
190,2339.27,1.35401,1.20868,0.01971,0.67503,0.64203,0.70003,0.37388,1.61166,1.31112,0.03595,0.003763,0.003763,0.003763
191,2350.82,1.31637,1.15893,0.01945,0.72028,0.63665,0.707,0.3898,1.58529,1.28738,0.03425,0.00373,0.00373,0.00373
192,2362.14,1.326,1.19404,0.0196,0.7098,0.62638,0.69409,0.38155,1.58236,1.30537,0.03512,0.003697,0.003697,0.003697
193,2376.23,1.32291,1.1871,0.01963,0.70673,0.62759,0.6872,0.3759,1.61141,1.3144,0.03571,0.003664,0.003664,0.003664
194,2387.91,1.3271,1.1983,0.01962,0.67922,0.64542,0.69814,0.38557,1.58059,1.31248,0.03562,0.003631,0.003631,0.003631
195,2399.53,1.31517,1.20439,0.01905,0.69099,0.63982,0.68695,0.38229,1.59342,1.31988,0.03512,0.003598,0.003598,0.003598
196,2413.57,1.33267,1.20782,0.01952,0.68241,0.65316,0.70189,0.38597,1.57842,1.29558,0.03509,0.003565,0.003565,0.003565
197,2425.09,1.34081,1.18695,0.0197,0.65539,0.66561,0.70051,0.38153,1.60309,1.29749,0.03509,0.003532,0.003532,0.003532
198,2436.55,1.31493,1.14322,0.01923,0.67606,0.61915,0.68426,0.38011,1.56309,1.32085,0.03418,0.003499,0.003499,0.003499
199,2449.02,1.31336,1.17851,0.01956,0.68914,0.63593,0.70155,0.38309,1.59061,1.31432,0.03514,0.003466,0.003466,0.003466
200,2462.2,1.32243,1.17955,0.02014,0.6469,0.66203,0.69869,0.384,1.59042,1.27975,0.03568,0.003433,0.003433,0.003433
201,2473.89,1.31561,1.14395,0.01954,0.63024,0.65068,0.68527,0.37374,1.58681,1.35055,0.03509,0.0034,0.0034,0.0034
202,2485.69,1.3077,1.14998,0.0192,0.68462,0.65037,0.70237,0.38487,1.60911,1.26412,0.03521,0.003367,0.003367,0.003367
203,2499.67,1.30913,1.15903,0.0193,0.65683,0.65824,0.69438,0.38115,1.6025,1.28209,0.03507,0.003334,0.003334,0.003334
204,2511.25,1.3197,1.18075,0.01919,0.64431,0.64663,0.69039,0.37757,1.62118,1.31831,0.03629,0.003301,0.003301,0.003301
205,2522.78,1.31451,1.17405,0.01937,0.68214,0.66255,0.70331,0.38886,1.5887,1.27753,0.03523,0.003268,0.003268,0.003268
206,2536.89,1.29675,1.17561,0.01885,0.65671,0.66428,0.69564,0.38317,1.59375,1.29613,0.03503,0.003235,0.003235,0.003235
207,2548.46,1.31827,1.16692,0.01928,0.66302,0.65196,0.69082,0.38293,1.57776,1.32218,0.03413,0.003202,0.003202,0.003202
208,2560.12,1.31103,1.1745,0.01918,0.68199,0.67551,0.70796,0.38605,1.58493,1.29429,0.03472,0.003169,0.003169,0.003169
209,2573.29,1.32242,1.16052,0.01937,0.64433,0.65171,0.6828,0.38264,1.56633,1.31862,0.03427,0.003136,0.003136,0.003136
210,2586.1,1.30281,1.1712,0.01912,0.65074,0.64047,0.69213,0.38715,1.60645,1.30447,0.03565,0.003103,0.003103,0.003103
211,2597.72,1.31075,1.16769,0.01944,0.68245,0.63557,0.6852,0.38321,1.58949,1.33523,0.03575,0.00307,0.00307,0.00307
212,2609.37,1.3081,1.17585,0.01949,0.69899,0.63845,0.6962,0.39104,1.53922,1.30455,0.03408,0.003037,0.003037,0.003037
213,2623.46,1.28441,1.14636,0.01916,0.68358,0.64326,0.68865,0.38023,1.5791,1.31464,0.03539,0.003004,0.003004,0.003004
214,2635.14,1.31714,1.16801,0.01897,0.67397,0.64629,0.69608,0.38597,1.59699,1.31354,0.03581,0.002971,0.002971,0.002971
215,2646.8,1.28837,1.13681,0.01909,0.68783,0.65774,0.69146,0.37518,1.62701,1.29487,0.03657,0.002938,0.002938,0.002938
216,2661.11,1.28288,1.15701,0.01894,0.70654,0.62696,0.6936,0.38465,1.58397,1.28822,0.03518,0.002905,0.002905,0.002905
217,2672.87,1.29272,1.15949,0.01916,0.6834,0.64361,0.7014,0.39124,1.56289,1.28295,0.03449,0.002872,0.002872,0.002872
218,2684.4,1.29911,1.1595,0.01915,0.67638,0.64206,0.69089,0.38618,1.58734,1.2798,0.03511,0.002839,0.002839,0.002839
219,2697.99,1.29319,1.13645,0.01899,0.70886,0.63284,0.7079,0.3894,1.59577,1.29072,0.03533,0.002806,0.002806,0.002806
220,2710.15,1.2888,1.13671,0.01857,0.69983,0.63842,0.71242,0.39215,1.6043,1.27528,0.03624,0.002773,0.002773,0.002773
221,2721.79,1.28535,1.1594,0.01898,0.73807,0.6189,0.69888,0.37908,1.64411,1.272,0.03616,0.00274,0.00274,0.00274
222,2733.87,1.29033,1.14145,0.01882,0.67717,0.66101,0.69858,0.3838,1.6065,1.29074,0.03502,0.002707,0.002707,0.002707
223,2747.92,1.29829,1.14705,0.01929,0.66903,0.64478,0.68769,0.37977,1.62102,1.29983,0.03642,0.002674,0.002674,0.002674
224,2759.52,1.29556,1.12162,0.01957,0.71671,0.62227,0.69787,0.38673,1.59986,1.27606,0.0352,0.002641,0.002641,0.002641
225,2771.09,1.29896,1.14489,0.01898,0.7071,0.64487,0.70656,0.38866,1.59515,1.27776,0.03534,0.002608,0.002608,0.002608
226,2785.26,1.2811,1.15063,0.01893,0.7234,0.66197,0.70783,0.38888,1.58479,1.301,0.03508,0.002575,0.002575,0.002575
227,2796.93,1.25526,1.1092,0.01849,0.70125,0.66826,0.7151,0.4006,1.58798,1.24062,0.03491,0.002542,0.002542,0.002542
228,2808.5,1.26768,1.12117,0.01823,0.67336,0.67324,0.7105,0.39395,1.59793,1.28442,0.03479,0.002509,0.002509,0.002509
229,2822.88,1.26883,1.10534,0.01846,0.69215,0.66459,0.72145,0.40439,1.56429,1.25554,0.03401,0.002476,0.002476,0.002476
230,2834.47,1.28504,1.10332,0.01877,0.70941,0.66361,0.71728,0.40312,1.56576,1.25061,0.0343,0.002443,0.002443,0.002443
231,2846.1,1.27312,1.0989,0.01862,0.69021,0.6806,0.717,0.40108,1.57142,1.25005,0.03445,0.00241,0.00241,0.00241
232,2858.59,1.27475,1.14067,0.01871,0.69358,0.66345,0.71042,0.38971,1.58856,1.28375,0.03536,0.002377,0.002377,0.002377
233,2871.88,1.28469,1.11615,0.01911,0.72726,0.62822,0.70627,0.38891,1.59674,1.28676,0.03473,0.002344,0.002344,0.002344
234,2883.49,1.28676,1.12369,0.01873,0.6802,0.66986,0.71305,0.39313,1.58366,1.27873,0.03493,0.002311,0.002311,0.002311
235,2895.04,1.29243,1.12404,0.01905,0.72032,0.62006,0.70487,0.38564,1.56698,1.30404,0.03467,0.002278,0.002278,0.002278
236,2909.31,1.28647,1.13748,0.01905,0.66392,0.66495,0.70565,0.38605,1.59047,1.29687,0.0348,0.002245,0.002245,0.002245
237,2920.91,1.25367,1.08423,0.01851,0.70171,0.62902,0.69943,0.37977,1.62072,1.30151,0.03585,0.002212,0.002212,0.002212
238,2932.57,1.26873,1.09175,0.01886,0.70682,0.63584,0.70267,0.38678,1.62901,1.29148,0.03608,0.002179,0.002179,0.002179
239,2946.89,1.28104,1.11857,0.01863,0.71483,0.66611,0.72407,0.3972,1.58606,1.2603,0.03486,0.002146,0.002146,0.002146
240,2958.54,1.26087,1.1253,0.01843,0.76312,0.63878,0.72317,0.39794,1.58846,1.2523,0.03491,0.002113,0.002113,0.002113
241,2970.15,1.22209,1.06912,0.01767,0.69906,0.6581,0.71081,0.39242,1.59329,1.27287,0.03498,0.00208,0.00208,0.00208
242,2983.17,1.26553,1.1288,0.01851,0.71017,0.66614,0.71496,0.39211,1.59245,1.25116,0.03486,0.002047,0.002047,0.002047
243,2996.13,1.26348,1.10456,0.01889,0.70283,0.64996,0.70735,0.38423,1.59247,1.27859,0.03511,0.002014,0.002014,0.002014
244,3007.63,1.25912,1.06251,0.01854,0.69461,0.6648,0.7057,0.38745,1.60314,1.26006,0.03429,0.001981,0.001981,0.001981
245,3019.23,1.25489,1.07361,0.01815,0.67959,0.66982,0.72023,0.39192,1.57686,1.2596,0.03411,0.001948,0.001948,0.001948
246,3033.61,1.29304,1.07701,0.01877,0.75105,0.62925,0.71937,0.39052,1.58774,1.24122,0.03461,0.001915,0.001915,0.001915
247,3045.16,1.24883,1.07463,0.01839,0.7219,0.67383,0.72038,0.39276,1.59545,1.25586,0.035,0.001882,0.001882,0.001882
248,3056.82,1.2516,1.10296,0.01832,0.73378,0.64962,0.7138,0.39395,1.56835,1.2472,0.03445,0.001849,0.001849,0.001849
249,3071.27,1.25148,1.08179,0.01812,0.74999,0.63782,0.71194,0.39325,1.56334,1.28547,0.03394,0.001816,0.001816,0.001816
250,3083.16,1.24917,1.08249,0.01823,0.68666,0.66918,0.71115,0.39643,1.5615,1.27871,0.03407,0.001783,0.001783,0.001783
251,3094.91,1.23866,1.08739,0.01821,0.68908,0.66019,0.70585,0.39406,1.56419,1.26957,0.0343,0.00175,0.00175,0.00175
252,3108.98,1.26404,1.0946,0.0188,0.72759,0.65905,0.70338,0.38997,1.56947,1.27268,0.03436,0.001717,0.001717,0.001717
253,3120.78,1.24501,1.07682,0.01785,0.70433,0.66855,0.70686,0.39051,1.5851,1.26635,0.03481,0.001684,0.001684,0.001684
254,3132.32,1.2441,1.09239,0.01799,0.70928,0.68173,0.70876,0.39187,1.58774,1.27234,0.03488,0.001651,0.001651,0.001651
255,3144.61,1.24666,1.07311,0.01821,0.71171,0.68245,0.72039,0.39419,1.61359,1.25082,0.03561,0.001618,0.001618,0.001618
256,3158.15,1.2521,1.07408,0.01861,0.69728,0.68271,0.72129,0.39552,1.61694,1.25293,0.0361,0.001585,0.001585,0.001585
257,3170.01,1.24585,1.08047,0.01841,0.73047,0.63593,0.70199,0.39141,1.5846,1.30143,0.03505,0.001552,0.001552,0.001552
258,3181.59,1.24734,1.04898,0.01766,0.69859,0.65859,0.70952,0.39995,1.57573,1.25285,0.03483,0.001519,0.001519,0.001519
259,3195.75,1.23792,1.05914,0.01803,0.68909,0.66293,0.70169,0.39849,1.56315,1.25523,0.03452,0.001486,0.001486,0.001486
260,3207.34,1.23588,1.07686,0.01813,0.73134,0.64757,0.70223,0.39657,1.5662,1.2579,0.03455,0.001453,0.001453,0.001453
261,3218.95,1.23624,1.06719,0.01813,0.68457,0.67097,0.70586,0.39728,1.57869,1.24274,0.03506,0.00142,0.00142,0.00142
262,3232.92,1.23843,1.09025,0.01828,0.70315,0.66687,0.70641,0.39914,1.58473,1.23893,0.03496,0.001387,0.001387,0.001387
263,3244.45,1.24372,1.06766,0.01837,0.70742,0.66904,0.71511,0.39971,1.57932,1.24624,0.03499,0.001354,0.001354,0.001354
264,3256.22,1.22932,1.06827,0.01778,0.70021,0.66598,0.7092,0.39564,1.56401,1.2547,0.03475,0.001321,0.001321,0.001321
265,3269.04,1.2422,1.05931,0.01826,0.69362,0.68706,0.7096,0.39678,1.57953,1.23604,0.03496,0.001288,0.001288,0.001288
266,3281.83,1.23965,1.07694,0.01789,0.71743,0.65949,0.70692,0.39123,1.59351,1.25874,0.03556,0.001255,0.001255,0.001255
267,3293.47,1.24009,1.06937,0.01843,0.71265,0.66971,0.69996,0.3928,1.58106,1.24142,0.03506,0.001222,0.001222,0.001222
268,3305.08,1.22512,1.06718,0.01784,0.7222,0.66532,0.70685,0.397,1.59386,1.2342,0.03529,0.001189,0.001189,0.001189
269,3319.1,1.24471,1.05805,0.01817,0.73218,0.65407,0.71033,0.39839,1.59351,1.2205,0.03539,0.001156,0.001156,0.001156
270,3330.7,1.21202,1.04275,0.0175,0.70208,0.67624,0.70856,0.39644,1.57637,1.26102,0.03492,0.001123,0.001123,0.001123
271,3342.58,1.19738,1.02141,0.01767,0.73316,0.65596,0.71159,0.39594,1.57644,1.24732,0.03516,0.00109,0.00109,0.00109
272,3356.9,1.23976,1.05,0.01828,0.76144,0.64322,0.71684,0.40206,1.56996,1.23987,0.03474,0.001057,0.001057,0.001057
273,3368.6,1.24126,1.07093,0.01787,0.72228,0.65415,0.71162,0.40264,1.57759,1.22678,0.03471,0.001024,0.001024,0.001024
274,3380.28,1.22702,1.03843,0.01804,0.74555,0.64207,0.70825,0.39978,1.59463,1.22767,0.03545,0.000991,0.000991,0.000991
275,3393.77,1.2205,1.05769,0.01782,0.71351,0.65642,0.70396,0.3973,1.58344,1.23696,0.03478,0.000958,0.000958,0.000958
276,3405.97,1.23328,1.06418,0.0181,0.73157,0.65442,0.70971,0.39921,1.57686,1.24268,0.03508,0.000925,0.000925,0.000925
277,3417.6,1.21713,1.00524,0.0178,0.7283,0.65536,0.70535,0.39805,1.57064,1.24184,0.03464,0.000892,0.000892,0.000892
278,3429.4,1.22759,1.02553,0.01767,0.73185,0.65981,0.71138,0.40188,1.58792,1.23057,0.03543,0.000859,0.000859,0.000859
279,3443.62,1.22434,1.0392,0.01784,0.74922,0.64996,0.71745,0.4002,1.5869,1.23802,0.03542,0.000826,0.000826,0.000826
280,3455.2,1.21923,1.04768,0.0181,0.70076,0.6763,0.71625,0.39794,1.609,1.2266,0.03575,0.000793,0.000793,0.000793
281,3466.79,1.21607,1.03648,0.01763,0.7423,0.63594,0.71169,0.39845,1.59217,1.22671,0.03529,0.00076,0.00076,0.00076
282,3480.64,1.21786,1.04866,0.01784,0.75463,0.62855,0.71062,0.39772,1.5883,1.23309,0.03514,0.000727,0.000727,0.000727
283,3492.2,1.23547,1.05662,0.01808,0.7202,0.65109,0.7071,0.39827,1.58387,1.2491,0.03509,0.000694,0.000694,0.000694
284,3503.76,1.20292,1.0275,0.01741,0.729,0.64592,0.71059,0.39728,1.58636,1.26524,0.03528,0.000661,0.000661,0.000661
285,3517.71,1.22548,1.04859,0.01788,0.72606,0.63816,0.70593,0.39574,1.58669,1.25311,0.03548,0.000628,0.000628,0.000628
286,3529.61,1.21007,1.04495,0.0179,0.71913,0.64118,0.70038,0.39095,1.58549,1.26532,0.0353,0.000595,0.000595,0.000595
287,3541.19,1.1977,1.01943,0.01711,0.69177,0.667,0.70183,0.39133,1.58324,1.26428,0.03531,0.000562,0.000562,0.000562
288,3553,1.19375,1.0231,0.01701,0.70609,0.65503,0.70176,0.39294,1.58376,1.26491,0.03532,0.000529,0.000529,0.000529
289,3566.92,1.205,1.0208,0.01758,0.71448,0.65128,0.7032,0.3959,1.57836,1.2556,0.03508,0.000496,0.000496,0.000496
290,3578.38,1.19929,1.02396,0.01716,0.7495,0.63788,0.71471,0.39848,1.58827,1.24456,0.03549,0.000463,0.000463,0.000463
291,3589.89,1.19802,1.03144,0.01725,0.7014,0.67562,0.70753,0.3982,1.5869,1.24586,0.03518,0.00043,0.00043,0.00043
292,3604.06,1.2036,1.04948,0.01747,0.71954,0.64372,0.70461,0.39708,1.5761,1.2649,0.0349,0.000397,0.000397,0.000397
293,3613.99,1.19443,1.01397,0.01761,0.71619,0.65611,0.70789,0.39789,1.57463,1.2579,0.03482,0.000364,0.000364,0.000364
294,3623.93,1.20518,1.02799,0.01736,0.72699,0.65263,0.7145,0.39963,1.57474,1.25799,0.03472,0.000331,0.000331,0.000331
295,3635.85,1.20545,1.04414,0.0175,0.69703,0.67495,0.71275,0.39896,1.57109,1.25017,0.03463,0.000298,0.000298,0.000298
296,3649.29,1.21373,1.02264,0.01782,0.7,0.6649,0.70983,0.39736,1.57353,1.24194,0.03491,0.000265,0.000265,0.000265
297,3660.84,1.20317,1.018,0.01763,0.72419,0.64084,0.70925,0.39619,1.57322,1.25247,0.03496,0.000232,0.000232,0.000232
298,3672.44,1.2252,1.04939,0.01809,0.6899,0.67408,0.71216,0.39737,1.56993,1.25769,0.03459,0.000199,0.000199,0.000199
299,3687,1.1895,1.01513,0.01755,0.73231,0.63359,0.71079,0.39536,1.56954,1.26606,0.03466,0.000166,0.000166,0.000166
300,3698.56,1.19933,1.05126,0.01764,0.75154,0.6338,0.71487,0.39701,1.57369,1.2561,0.03481,0.000133,0.000133,0.000133
